epoch,loss,accuracy,val_loss,val_accuracy,actual_failed,predicted_failed
0,0.4919,0.7722,0.4846,0.7750,0,0
0,0.4919,0.7722,0.4846,0.7750,0,0
0,0.4919,0.7722,0.4846,0.7750,0,0
0,0.4919,0.7722,0.4846,0.7750,0,0
0,0.4919,0.7722,0.4846,0.7750,0,0
0,0.4919,0.7722,0.4846,0.7750,1,0
0,0.4919,0.7722,0.4846,0.7750,0,0
0,0.4919,0.7722,0.4846,0.7750,0,0
0,0.4919,0.7722,0.4846,0.7750,0,0
0,0.4919,0.7722,0.4846,0.7750,0,0
0,0.4919,0.7722,0.4846,0.7750,0,0
0,0.4919,0.7722,0.4846,0.7750,0,0
0,0.4919,0.7722,0.4846,0.7750,1,0
0,0.4919,0.7722,0.4846,0.7750,0,0
0,0.4919,0.7722,0.4846,0.7750,0,0
0,0.4919,0.7722,0.4846,0.7750,0,0
0,0.4919,0.7722,0.4846,0.7750,0,0
0,0.4919,0.7722,0.4846,0.7750,1,0
0,0.4919,0.7722,0.4846,0.7750,0,0
0,0.4919,0.7722,0.4846,0.7750,0,0
0,0.4919,0.7722,0.4846,0.7750,0,0
0,0.4919,0.7722,0.4846,0.7750,0,0
0,0.4919,0.7722,0.4846,0.7750,0,0
0,0.4919,0.7722,0.4846,0.7750,0,0
0,0.4919,0.7722,0.4846,0.7750,0,0
0,0.4919,0.7722,0.4846,0.7750,0,0
0,0.4919,0.7722,0.4846,0.7750,1,0
0,0.4919,0.7722,0.4846,0.7750,0,0
0,0.4919,0.7722,0.4846,0.7750,0,0
0,0.4919,0.7722,0.4846,0.7750,0,0
0,0.4919,0.7722,0.4846,0.7750,0,0
0,0.4919,0.7722,0.4846,0.7750,0,0
0,0.4919,0.7722,0.4846,0.7750,1,0
0,0.4919,0.7722,0.4846,0.7750,0,0
0,0.4919,0.7722,0.4846,0.7750,0,0
0,0.4919,0.7722,0.4846,0.7750,1,0
0,0.4919,0.7722,0.4846,0.7750,0,0
0,0.4919,0.7722,0.4846,0.7750,0,0
0,0.4919,0.7722,0.4846,0.7750,0,0
0,0.4919,0.7722,0.4846,0.7750,1,0
0,0.4919,0.7722,0.4846,0.7750,0,0
0,0.4919,0.7722,0.4846,0.7750,1,0
0,0.4919,0.7722,0.4846,0.7750,0,0
0,0.4919,0.7722,0.4846,0.7750,1,0
0,0.4919,0.7722,0.4846,0.7750,0,0
0,0.4919,0.7722,0.4846,0.7750,1,0
0,0.4919,0.7722,0.4846,0.7750,0,0
0,0.4919,0.7722,0.4846,0.7750,0,0
0,0.4919,0.7722,0.4846,0.7750,0,0
0,0.4919,0.7722,0.4846,0.7750,0,0
0,0.4919,0.7722,0.4846,0.7750,0,0
0,0.4919,0.7722,0.4846,0.7750,0,0
0,0.4919,0.7722,0.4846,0.7750,1,0
0,0.4919,0.7722,0.4846,0.7750,0,1
0,0.4919,0.7722,0.4846,0.7750,0,0
0,0.4919,0.7722,0.4846,0.7750,0,0
0,0.4919,0.7722,0.4846,0.7750,0,0
0,0.4919,0.7722,0.4846,0.7750,0,0
0,0.4919,0.7722,0.4846,0.7750,0,0
0,0.4919,0.7722,0.4846,0.7750,1,0
0,0.4919,0.7722,0.4846,0.7750,1,0
0,0.4919,0.7722,0.4846,0.7750,0,0
0,0.4919,0.7722,0.4846,0.7750,0,0
0,0.4919,0.7722,0.4846,0.7750,0,0
0,0.4919,0.7722,0.4846,0.7750,0,0
0,0.4919,0.7722,0.4846,0.7750,0,0
0,0.4919,0.7722,0.4846,0.7750,0,0
0,0.4919,0.7722,0.4846,0.7750,0,0
0,0.4919,0.7722,0.4846,0.7750,1,0
0,0.4919,0.7722,0.4846,0.7750,0,0
0,0.4919,0.7722,0.4846,0.7750,0,0
0,0.4919,0.7722,0.4846,0.7750,1,0
0,0.4919,0.7722,0.4846,0.7750,1,0
0,0.4919,0.7722,0.4846,0.7750,1,0
0,0.4919,0.7722,0.4846,0.7750,0,0
0,0.4919,0.7722,0.4846,0.7750,1,0
0,0.4919,0.7722,0.4846,0.7750,0,0
0,0.4919,0.7722,0.4846,0.7750,0,0
0,0.4919,0.7722,0.4846,0.7750,0,0
0,0.4919,0.7722,0.4846,0.7750,0,0
0,0.4919,0.7722,0.4846,0.7750,0,0
0,0.4919,0.7722,0.4846,0.7750,0,0
0,0.4919,0.7722,0.4846,0.7750,0,0
0,0.4919,0.7722,0.4846,0.7750,0,0
0,0.4919,0.7722,0.4846,0.7750,0,0
0,0.4919,0.7722,0.4846,0.7750,0,0
0,0.4919,0.7722,0.4846,0.7750,0,1
0,0.4919,0.7722,0.4846,0.7750,0,0
0,0.4919,0.7722,0.4846,0.7750,1,0
0,0.4919,0.7722,0.4846,0.7750,0,0
0,0.4919,0.7722,0.4846,0.7750,0,0
0,0.4919,0.7722,0.4846,0.7750,1,0
0,0.4919,0.7722,0.4846,0.7750,0,0
0,0.4919,0.7722,0.4846,0.7750,1,0
0,0.4919,0.7722,0.4846,0.7750,0,0
0,0.4919,0.7722,0.4846,0.7750,0,0
0,0.4919,0.7722,0.4846,0.7750,0,0
0,0.4919,0.7722,0.4846,0.7750,0,0
0,0.4919,0.7722,0.4846,0.7750,0,0
0,0.4919,0.7722,0.4846,0.7750,0,0
0,0.4919,0.7722,0.4846,0.7750,0,0
0,0.4919,0.7722,0.4846,0.7750,0,0
0,0.4919,0.7722,0.4846,0.7750,0,0
0,0.4919,0.7722,0.4846,0.7750,0,0
0,0.4919,0.7722,0.4846,0.7750,0,0
0,0.4919,0.7722,0.4846,0.7750,1,0
0,0.4919,0.7722,0.4846,0.7750,0,0
0,0.4919,0.7722,0.4846,0.7750,0,0
0,0.4919,0.7722,0.4846,0.7750,0,0
0,0.4919,0.7722,0.4846,0.7750,0,0
0,0.4919,0.7722,0.4846,0.7750,0,0
0,0.4919,0.7722,0.4846,0.7750,1,0
0,0.4919,0.7722,0.4846,0.7750,0,0
0,0.4919,0.7722,0.4846,0.7750,1,0
0,0.4919,0.7722,0.4846,0.7750,0,0
0,0.4919,0.7722,0.4846,0.7750,0,0
0,0.4919,0.7722,0.4846,0.7750,0,0
0,0.4919,0.7722,0.4846,0.7750,1,0
0,0.4919,0.7722,0.4846,0.7750,0,0
0,0.4919,0.7722,0.4846,0.7750,1,0
0,0.4919,0.7722,0.4846,0.7750,1,1
0,0.4919,0.7722,0.4846,0.7750,0,0
0,0.4919,0.7722,0.4846,0.7750,0,0
0,0.4919,0.7722,0.4846,0.7750,1,0
0,0.4919,0.7722,0.4846,0.7750,0,0
0,0.4919,0.7722,0.4846,0.7750,0,0
0,0.4919,0.7722,0.4846,0.7750,0,0
0,0.4919,0.7722,0.4846,0.7750,0,0
1,0.4820,0.7735,0.4632,0.7828,0,0
1,0.4820,0.7735,0.4632,0.7828,1,0
1,0.4820,0.7735,0.4632,0.7828,0,0
1,0.4820,0.7735,0.4632,0.7828,0,0
1,0.4820,0.7735,0.4632,0.7828,1,0
1,0.4820,0.7735,0.4632,0.7828,0,0
1,0.4820,0.7735,0.4632,0.7828,0,0
1,0.4820,0.7735,0.4632,0.7828,0,0
1,0.4820,0.7735,0.4632,0.7828,0,0
1,0.4820,0.7735,0.4632,0.7828,1,0
1,0.4820,0.7735,0.4632,0.7828,0,0
1,0.4820,0.7735,0.4632,0.7828,0,0
1,0.4820,0.7735,0.4632,0.7828,0,0
1,0.4820,0.7735,0.4632,0.7828,0,0
1,0.4820,0.7735,0.4632,0.7828,0,0
1,0.4820,0.7735,0.4632,0.7828,1,1
1,0.4820,0.7735,0.4632,0.7828,1,0
1,0.4820,0.7735,0.4632,0.7828,0,0
1,0.4820,0.7735,0.4632,0.7828,0,0
1,0.4820,0.7735,0.4632,0.7828,0,0
1,0.4820,0.7735,0.4632,0.7828,0,0
1,0.4820,0.7735,0.4632,0.7828,0,0
1,0.4820,0.7735,0.4632,0.7828,0,0
1,0.4820,0.7735,0.4632,0.7828,0,0
1,0.4820,0.7735,0.4632,0.7828,0,0
1,0.4820,0.7735,0.4632,0.7828,0,0
1,0.4820,0.7735,0.4632,0.7828,0,0
1,0.4820,0.7735,0.4632,0.7828,1,0
1,0.4820,0.7735,0.4632,0.7828,0,0
1,0.4820,0.7735,0.4632,0.7828,0,0
1,0.4820,0.7735,0.4632,0.7828,0,0
1,0.4820,0.7735,0.4632,0.7828,1,0
1,0.4820,0.7735,0.4632,0.7828,0,0
1,0.4820,0.7735,0.4632,0.7828,0,0
1,0.4820,0.7735,0.4632,0.7828,0,0
1,0.4820,0.7735,0.4632,0.7828,0,0
1,0.4820,0.7735,0.4632,0.7828,0,0
1,0.4820,0.7735,0.4632,0.7828,0,0
1,0.4820,0.7735,0.4632,0.7828,0,0
1,0.4820,0.7735,0.4632,0.7828,0,0
1,0.4820,0.7735,0.4632,0.7828,0,0
1,0.4820,0.7735,0.4632,0.7828,0,0
1,0.4820,0.7735,0.4632,0.7828,0,0
1,0.4820,0.7735,0.4632,0.7828,0,0
1,0.4820,0.7735,0.4632,0.7828,0,0
1,0.4820,0.7735,0.4632,0.7828,0,0
1,0.4820,0.7735,0.4632,0.7828,1,0
1,0.4820,0.7735,0.4632,0.7828,1,0
1,0.4820,0.7735,0.4632,0.7828,0,0
1,0.4820,0.7735,0.4632,0.7828,0,0
1,0.4820,0.7735,0.4632,0.7828,0,0
1,0.4820,0.7735,0.4632,0.7828,0,0
1,0.4820,0.7735,0.4632,0.7828,0,0
1,0.4820,0.7735,0.4632,0.7828,0,0
1,0.4820,0.7735,0.4632,0.7828,0,0
1,0.4820,0.7735,0.4632,0.7828,0,0
1,0.4820,0.7735,0.4632,0.7828,0,0
1,0.4820,0.7735,0.4632,0.7828,0,0
1,0.4820,0.7735,0.4632,0.7828,0,0
1,0.4820,0.7735,0.4632,0.7828,0,0
1,0.4820,0.7735,0.4632,0.7828,1,0
1,0.4820,0.7735,0.4632,0.7828,0,0
1,0.4820,0.7735,0.4632,0.7828,0,0
1,0.4820,0.7735,0.4632,0.7828,0,0
1,0.4820,0.7735,0.4632,0.7828,0,0
1,0.4820,0.7735,0.4632,0.7828,0,0
1,0.4820,0.7735,0.4632,0.7828,0,0
1,0.4820,0.7735,0.4632,0.7828,0,0
1,0.4820,0.7735,0.4632,0.7828,0,0
1,0.4820,0.7735,0.4632,0.7828,1,0
1,0.4820,0.7735,0.4632,0.7828,0,0
1,0.4820,0.7735,0.4632,0.7828,0,0
1,0.4820,0.7735,0.4632,0.7828,0,0
1,0.4820,0.7735,0.4632,0.7828,0,0
1,0.4820,0.7735,0.4632,0.7828,0,0
1,0.4820,0.7735,0.4632,0.7828,0,0
1,0.4820,0.7735,0.4632,0.7828,0,0
1,0.4820,0.7735,0.4632,0.7828,0,0
1,0.4820,0.7735,0.4632,0.7828,1,0
1,0.4820,0.7735,0.4632,0.7828,0,0
1,0.4820,0.7735,0.4632,0.7828,0,0
1,0.4820,0.7735,0.4632,0.7828,1,0
1,0.4820,0.7735,0.4632,0.7828,0,0
1,0.4820,0.7735,0.4632,0.7828,0,0
1,0.4820,0.7735,0.4632,0.7828,0,0
1,0.4820,0.7735,0.4632,0.7828,1,0
1,0.4820,0.7735,0.4632,0.7828,0,0
1,0.4820,0.7735,0.4632,0.7828,0,0
1,0.4820,0.7735,0.4632,0.7828,0,0
1,0.4820,0.7735,0.4632,0.7828,1,0
1,0.4820,0.7735,0.4632,0.7828,0,0
1,0.4820,0.7735,0.4632,0.7828,1,0
1,0.4820,0.7735,0.4632,0.7828,0,0
1,0.4820,0.7735,0.4632,0.7828,0,0
1,0.4820,0.7735,0.4632,0.7828,0,0
1,0.4820,0.7735,0.4632,0.7828,0,0
1,0.4820,0.7735,0.4632,0.7828,0,0
1,0.4820,0.7735,0.4632,0.7828,0,0
1,0.4820,0.7735,0.4632,0.7828,0,0
1,0.4820,0.7735,0.4632,0.7828,0,0
1,0.4820,0.7735,0.4632,0.7828,1,0
1,0.4820,0.7735,0.4632,0.7828,0,0
1,0.4820,0.7735,0.4632,0.7828,0,0
1,0.4820,0.7735,0.4632,0.7828,0,0
1,0.4820,0.7735,0.4632,0.7828,0,0
1,0.4820,0.7735,0.4632,0.7828,0,0
1,0.4820,0.7735,0.4632,0.7828,0,0
1,0.4820,0.7735,0.4632,0.7828,0,0
1,0.4820,0.7735,0.4632,0.7828,0,0
1,0.4820,0.7735,0.4632,0.7828,0,0
1,0.4820,0.7735,0.4632,0.7828,1,0
1,0.4820,0.7735,0.4632,0.7828,1,0
1,0.4820,0.7735,0.4632,0.7828,1,0
1,0.4820,0.7735,0.4632,0.7828,0,0
1,0.4820,0.7735,0.4632,0.7828,1,0
1,0.4820,0.7735,0.4632,0.7828,0,0
1,0.4820,0.7735,0.4632,0.7828,0,0
1,0.4820,0.7735,0.4632,0.7828,1,0
1,0.4820,0.7735,0.4632,0.7828,0,0
1,0.4820,0.7735,0.4632,0.7828,0,0
1,0.4820,0.7735,0.4632,0.7828,0,0
1,0.4820,0.7735,0.4632,0.7828,0,0
1,0.4820,0.7735,0.4632,0.7828,1,0
1,0.4820,0.7735,0.4632,0.7828,0,0
1,0.4820,0.7735,0.4632,0.7828,0,0
1,0.4820,0.7735,0.4632,0.7828,0,0
1,0.4820,0.7735,0.4632,0.7828,0,0
1,0.4820,0.7735,0.4632,0.7828,0,0
2,0.4786,0.7739,0.5069,0.7641,0,1
2,0.4786,0.7739,0.5069,0.7641,0,0
2,0.4786,0.7739,0.5069,0.7641,1,0
2,0.4786,0.7739,0.5069,0.7641,1,0
2,0.4786,0.7739,0.5069,0.7641,1,0
2,0.4786,0.7739,0.5069,0.7641,0,0
2,0.4786,0.7739,0.5069,0.7641,1,0
2,0.4786,0.7739,0.5069,0.7641,0,0
2,0.4786,0.7739,0.5069,0.7641,1,0
2,0.4786,0.7739,0.5069,0.7641,0,0
2,0.4786,0.7739,0.5069,0.7641,0,0
2,0.4786,0.7739,0.5069,0.7641,0,0
2,0.4786,0.7739,0.5069,0.7641,0,0
2,0.4786,0.7739,0.5069,0.7641,1,0
2,0.4786,0.7739,0.5069,0.7641,0,0
2,0.4786,0.7739,0.5069,0.7641,0,0
2,0.4786,0.7739,0.5069,0.7641,0,1
2,0.4786,0.7739,0.5069,0.7641,0,0
2,0.4786,0.7739,0.5069,0.7641,1,0
2,0.4786,0.7739,0.5069,0.7641,0,0
2,0.4786,0.7739,0.5069,0.7641,0,0
2,0.4786,0.7739,0.5069,0.7641,0,0
2,0.4786,0.7739,0.5069,0.7641,1,0
2,0.4786,0.7739,0.5069,0.7641,0,0
2,0.4786,0.7739,0.5069,0.7641,0,0
2,0.4786,0.7739,0.5069,0.7641,0,0
2,0.4786,0.7739,0.5069,0.7641,0,0
2,0.4786,0.7739,0.5069,0.7641,0,0
2,0.4786,0.7739,0.5069,0.7641,1,0
2,0.4786,0.7739,0.5069,0.7641,1,0
2,0.4786,0.7739,0.5069,0.7641,0,0
2,0.4786,0.7739,0.5069,0.7641,0,0
2,0.4786,0.7739,0.5069,0.7641,0,0
2,0.4786,0.7739,0.5069,0.7641,0,0
2,0.4786,0.7739,0.5069,0.7641,0,0
2,0.4786,0.7739,0.5069,0.7641,0,0
2,0.4786,0.7739,0.5069,0.7641,1,0
2,0.4786,0.7739,0.5069,0.7641,0,0
2,0.4786,0.7739,0.5069,0.7641,0,0
2,0.4786,0.7739,0.5069,0.7641,1,0
2,0.4786,0.7739,0.5069,0.7641,0,0
2,0.4786,0.7739,0.5069,0.7641,1,0
2,0.4786,0.7739,0.5069,0.7641,0,0
2,0.4786,0.7739,0.5069,0.7641,0,0
2,0.4786,0.7739,0.5069,0.7641,0,0
2,0.4786,0.7739,0.5069,0.7641,0,0
2,0.4786,0.7739,0.5069,0.7641,0,0
2,0.4786,0.7739,0.5069,0.7641,0,0
2,0.4786,0.7739,0.5069,0.7641,0,0
2,0.4786,0.7739,0.5069,0.7641,0,0
2,0.4786,0.7739,0.5069,0.7641,0,0
2,0.4786,0.7739,0.5069,0.7641,0,0
2,0.4786,0.7739,0.5069,0.7641,0,0
2,0.4786,0.7739,0.5069,0.7641,0,0
2,0.4786,0.7739,0.5069,0.7641,0,0
2,0.4786,0.7739,0.5069,0.7641,0,0
2,0.4786,0.7739,0.5069,0.7641,0,0
2,0.4786,0.7739,0.5069,0.7641,1,1
2,0.4786,0.7739,0.5069,0.7641,0,0
2,0.4786,0.7739,0.5069,0.7641,0,0
2,0.4786,0.7739,0.5069,0.7641,1,0
2,0.4786,0.7739,0.5069,0.7641,0,0
2,0.4786,0.7739,0.5069,0.7641,1,1
2,0.4786,0.7739,0.5069,0.7641,0,0
2,0.4786,0.7739,0.5069,0.7641,0,0
2,0.4786,0.7739,0.5069,0.7641,0,0
2,0.4786,0.7739,0.5069,0.7641,1,0
2,0.4786,0.7739,0.5069,0.7641,0,0
2,0.4786,0.7739,0.5069,0.7641,1,0
2,0.4786,0.7739,0.5069,0.7641,1,1
2,0.4786,0.7739,0.5069,0.7641,0,1
2,0.4786,0.7739,0.5069,0.7641,0,0
2,0.4786,0.7739,0.5069,0.7641,0,1
2,0.4786,0.7739,0.5069,0.7641,0,0
2,0.4786,0.7739,0.5069,0.7641,0,0
2,0.4786,0.7739,0.5069,0.7641,0,0
2,0.4786,0.7739,0.5069,0.7641,1,0
2,0.4786,0.7739,0.5069,0.7641,0,0
2,0.4786,0.7739,0.5069,0.7641,0,0
2,0.4786,0.7739,0.5069,0.7641,0,0
2,0.4786,0.7739,0.5069,0.7641,1,0
2,0.4786,0.7739,0.5069,0.7641,1,0
2,0.4786,0.7739,0.5069,0.7641,0,0
2,0.4786,0.7739,0.5069,0.7641,0,0
2,0.4786,0.7739,0.5069,0.7641,0,0
2,0.4786,0.7739,0.5069,0.7641,0,0
2,0.4786,0.7739,0.5069,0.7641,0,0
2,0.4786,0.7739,0.5069,0.7641,1,0
2,0.4786,0.7739,0.5069,0.7641,0,0
2,0.4786,0.7739,0.5069,0.7641,0,0
2,0.4786,0.7739,0.5069,0.7641,1,0
2,0.4786,0.7739,0.5069,0.7641,0,0
2,0.4786,0.7739,0.5069,0.7641,0,0
2,0.4786,0.7739,0.5069,0.7641,0,0
2,0.4786,0.7739,0.5069,0.7641,0,0
2,0.4786,0.7739,0.5069,0.7641,0,0
2,0.4786,0.7739,0.5069,0.7641,0,0
2,0.4786,0.7739,0.5069,0.7641,1,0
2,0.4786,0.7739,0.5069,0.7641,0,0
2,0.4786,0.7739,0.5069,0.7641,0,0
2,0.4786,0.7739,0.5069,0.7641,0,0
2,0.4786,0.7739,0.5069,0.7641,0,0
2,0.4786,0.7739,0.5069,0.7641,0,0
2,0.4786,0.7739,0.5069,0.7641,0,0
2,0.4786,0.7739,0.5069,0.7641,0,0
2,0.4786,0.7739,0.5069,0.7641,0,0
2,0.4786,0.7739,0.5069,0.7641,1,0
2,0.4786,0.7739,0.5069,0.7641,1,0
2,0.4786,0.7739,0.5069,0.7641,0,0
2,0.4786,0.7739,0.5069,0.7641,0,0
2,0.4786,0.7739,0.5069,0.7641,1,0
2,0.4786,0.7739,0.5069,0.7641,0,0
2,0.4786,0.7739,0.5069,0.7641,1,0
2,0.4786,0.7739,0.5069,0.7641,1,0
2,0.4786,0.7739,0.5069,0.7641,1,0
2,0.4786,0.7739,0.5069,0.7641,0,0
2,0.4786,0.7739,0.5069,0.7641,1,0
2,0.4786,0.7739,0.5069,0.7641,0,0
2,0.4786,0.7739,0.5069,0.7641,1,0
2,0.4786,0.7739,0.5069,0.7641,0,0
2,0.4786,0.7739,0.5069,0.7641,1,0
2,0.4786,0.7739,0.5069,0.7641,0,0
2,0.4786,0.7739,0.5069,0.7641,1,1
2,0.4786,0.7739,0.5069,0.7641,0,0
2,0.4786,0.7739,0.5069,0.7641,0,0
2,0.4786,0.7739,0.5069,0.7641,1,0
2,0.4786,0.7739,0.5069,0.7641,0,0
2,0.4786,0.7739,0.5069,0.7641,0,0
3,0.4759,0.7746,0.4565,0.7914,0,0
3,0.4759,0.7746,0.4565,0.7914,1,0
3,0.4759,0.7746,0.4565,0.7914,0,0
3,0.4759,0.7746,0.4565,0.7914,1,0
3,0.4759,0.7746,0.4565,0.7914,1,0
3,0.4759,0.7746,0.4565,0.7914,0,0
3,0.4759,0.7746,0.4565,0.7914,1,0
3,0.4759,0.7746,0.4565,0.7914,0,0
3,0.4759,0.7746,0.4565,0.7914,0,0
3,0.4759,0.7746,0.4565,0.7914,0,0
3,0.4759,0.7746,0.4565,0.7914,1,0
3,0.4759,0.7746,0.4565,0.7914,0,0
3,0.4759,0.7746,0.4565,0.7914,0,0
3,0.4759,0.7746,0.4565,0.7914,0,0
3,0.4759,0.7746,0.4565,0.7914,0,0
3,0.4759,0.7746,0.4565,0.7914,0,0
3,0.4759,0.7746,0.4565,0.7914,0,0
3,0.4759,0.7746,0.4565,0.7914,0,0
3,0.4759,0.7746,0.4565,0.7914,0,0
3,0.4759,0.7746,0.4565,0.7914,0,0
3,0.4759,0.7746,0.4565,0.7914,0,0
3,0.4759,0.7746,0.4565,0.7914,1,1
3,0.4759,0.7746,0.4565,0.7914,0,0
3,0.4759,0.7746,0.4565,0.7914,0,0
3,0.4759,0.7746,0.4565,0.7914,0,0
3,0.4759,0.7746,0.4565,0.7914,0,0
3,0.4759,0.7746,0.4565,0.7914,0,0
3,0.4759,0.7746,0.4565,0.7914,0,1
3,0.4759,0.7746,0.4565,0.7914,0,0
3,0.4759,0.7746,0.4565,0.7914,0,0
3,0.4759,0.7746,0.4565,0.7914,1,0
3,0.4759,0.7746,0.4565,0.7914,0,0
3,0.4759,0.7746,0.4565,0.7914,0,0
3,0.4759,0.7746,0.4565,0.7914,0,0
3,0.4759,0.7746,0.4565,0.7914,1,0
3,0.4759,0.7746,0.4565,0.7914,0,0
3,0.4759,0.7746,0.4565,0.7914,0,0
3,0.4759,0.7746,0.4565,0.7914,0,0
3,0.4759,0.7746,0.4565,0.7914,0,0
3,0.4759,0.7746,0.4565,0.7914,0,0
3,0.4759,0.7746,0.4565,0.7914,0,0
3,0.4759,0.7746,0.4565,0.7914,0,0
3,0.4759,0.7746,0.4565,0.7914,0,0
3,0.4759,0.7746,0.4565,0.7914,0,0
3,0.4759,0.7746,0.4565,0.7914,0,0
3,0.4759,0.7746,0.4565,0.7914,0,0
3,0.4759,0.7746,0.4565,0.7914,0,0
3,0.4759,0.7746,0.4565,0.7914,0,0
3,0.4759,0.7746,0.4565,0.7914,0,0
3,0.4759,0.7746,0.4565,0.7914,1,0
3,0.4759,0.7746,0.4565,0.7914,0,0
3,0.4759,0.7746,0.4565,0.7914,0,0
3,0.4759,0.7746,0.4565,0.7914,0,0
3,0.4759,0.7746,0.4565,0.7914,0,0
3,0.4759,0.7746,0.4565,0.7914,0,0
3,0.4759,0.7746,0.4565,0.7914,1,0
3,0.4759,0.7746,0.4565,0.7914,0,0
3,0.4759,0.7746,0.4565,0.7914,1,0
3,0.4759,0.7746,0.4565,0.7914,0,0
3,0.4759,0.7746,0.4565,0.7914,1,0
3,0.4759,0.7746,0.4565,0.7914,1,0
3,0.4759,0.7746,0.4565,0.7914,0,0
3,0.4759,0.7746,0.4565,0.7914,0,0
3,0.4759,0.7746,0.4565,0.7914,1,0
3,0.4759,0.7746,0.4565,0.7914,0,0
3,0.4759,0.7746,0.4565,0.7914,0,0
3,0.4759,0.7746,0.4565,0.7914,0,0
3,0.4759,0.7746,0.4565,0.7914,0,0
3,0.4759,0.7746,0.4565,0.7914,1,0
3,0.4759,0.7746,0.4565,0.7914,1,1
3,0.4759,0.7746,0.4565,0.7914,1,0
3,0.4759,0.7746,0.4565,0.7914,0,0
3,0.4759,0.7746,0.4565,0.7914,0,0
3,0.4759,0.7746,0.4565,0.7914,0,0
3,0.4759,0.7746,0.4565,0.7914,0,0
3,0.4759,0.7746,0.4565,0.7914,1,0
3,0.4759,0.7746,0.4565,0.7914,0,0
3,0.4759,0.7746,0.4565,0.7914,0,0
3,0.4759,0.7746,0.4565,0.7914,0,0
3,0.4759,0.7746,0.4565,0.7914,0,0
3,0.4759,0.7746,0.4565,0.7914,1,0
3,0.4759,0.7746,0.4565,0.7914,0,0
3,0.4759,0.7746,0.4565,0.7914,0,0
3,0.4759,0.7746,0.4565,0.7914,0,0
3,0.4759,0.7746,0.4565,0.7914,0,0
3,0.4759,0.7746,0.4565,0.7914,0,0
3,0.4759,0.7746,0.4565,0.7914,0,0
3,0.4759,0.7746,0.4565,0.7914,1,1
3,0.4759,0.7746,0.4565,0.7914,1,0
3,0.4759,0.7746,0.4565,0.7914,1,0
3,0.4759,0.7746,0.4565,0.7914,0,0
3,0.4759,0.7746,0.4565,0.7914,0,0
3,0.4759,0.7746,0.4565,0.7914,0,0
3,0.4759,0.7746,0.4565,0.7914,1,0
3,0.4759,0.7746,0.4565,0.7914,0,0
3,0.4759,0.7746,0.4565,0.7914,0,0
3,0.4759,0.7746,0.4565,0.7914,0,0
3,0.4759,0.7746,0.4565,0.7914,0,0
3,0.4759,0.7746,0.4565,0.7914,0,0
3,0.4759,0.7746,0.4565,0.7914,0,0
3,0.4759,0.7746,0.4565,0.7914,1,0
3,0.4759,0.7746,0.4565,0.7914,0,0
3,0.4759,0.7746,0.4565,0.7914,0,0
3,0.4759,0.7746,0.4565,0.7914,0,0
3,0.4759,0.7746,0.4565,0.7914,0,0
3,0.4759,0.7746,0.4565,0.7914,1,0
3,0.4759,0.7746,0.4565,0.7914,1,0
3,0.4759,0.7746,0.4565,0.7914,0,0
3,0.4759,0.7746,0.4565,0.7914,1,1
3,0.4759,0.7746,0.4565,0.7914,0,0
3,0.4759,0.7746,0.4565,0.7914,0,0
3,0.4759,0.7746,0.4565,0.7914,1,0
3,0.4759,0.7746,0.4565,0.7914,1,0
3,0.4759,0.7746,0.4565,0.7914,0,0
3,0.4759,0.7746,0.4565,0.7914,0,0
3,0.4759,0.7746,0.4565,0.7914,0,0
3,0.4759,0.7746,0.4565,0.7914,0,0
3,0.4759,0.7746,0.4565,0.7914,0,0
3,0.4759,0.7746,0.4565,0.7914,0,0
3,0.4759,0.7746,0.4565,0.7914,1,0
3,0.4759,0.7746,0.4565,0.7914,1,0
3,0.4759,0.7746,0.4565,0.7914,0,0
3,0.4759,0.7746,0.4565,0.7914,0,0
3,0.4759,0.7746,0.4565,0.7914,1,0
3,0.4759,0.7746,0.4565,0.7914,0,0
3,0.4759,0.7746,0.4565,0.7914,0,1
3,0.4759,0.7746,0.4565,0.7914,1,0
3,0.4759,0.7746,0.4565,0.7914,1,0
4,0.4740,0.7752,0.4477,0.7820,0,0
4,0.4740,0.7752,0.4477,0.7820,0,0
4,0.4740,0.7752,0.4477,0.7820,0,0
4,0.4740,0.7752,0.4477,0.7820,0,0
4,0.4740,0.7752,0.4477,0.7820,0,0
4,0.4740,0.7752,0.4477,0.7820,0,0
4,0.4740,0.7752,0.4477,0.7820,0,0
4,0.4740,0.7752,0.4477,0.7820,0,0
4,0.4740,0.7752,0.4477,0.7820,0,0
4,0.4740,0.7752,0.4477,0.7820,1,0
4,0.4740,0.7752,0.4477,0.7820,0,0
4,0.4740,0.7752,0.4477,0.7820,0,0
4,0.4740,0.7752,0.4477,0.7820,0,0
4,0.4740,0.7752,0.4477,0.7820,0,0
4,0.4740,0.7752,0.4477,0.7820,0,0
4,0.4740,0.7752,0.4477,0.7820,0,0
4,0.4740,0.7752,0.4477,0.7820,0,0
4,0.4740,0.7752,0.4477,0.7820,0,0
4,0.4740,0.7752,0.4477,0.7820,0,0
4,0.4740,0.7752,0.4477,0.7820,1,0
4,0.4740,0.7752,0.4477,0.7820,0,0
4,0.4740,0.7752,0.4477,0.7820,0,0
4,0.4740,0.7752,0.4477,0.7820,0,0
4,0.4740,0.7752,0.4477,0.7820,1,0
4,0.4740,0.7752,0.4477,0.7820,0,0
4,0.4740,0.7752,0.4477,0.7820,1,0
4,0.4740,0.7752,0.4477,0.7820,0,0
4,0.4740,0.7752,0.4477,0.7820,0,0
4,0.4740,0.7752,0.4477,0.7820,0,0
4,0.4740,0.7752,0.4477,0.7820,0,0
4,0.4740,0.7752,0.4477,0.7820,0,0
4,0.4740,0.7752,0.4477,0.7820,0,0
4,0.4740,0.7752,0.4477,0.7820,0,0
4,0.4740,0.7752,0.4477,0.7820,1,0
4,0.4740,0.7752,0.4477,0.7820,0,0
4,0.4740,0.7752,0.4477,0.7820,0,0
4,0.4740,0.7752,0.4477,0.7820,0,0
4,0.4740,0.7752,0.4477,0.7820,0,0
4,0.4740,0.7752,0.4477,0.7820,0,0
4,0.4740,0.7752,0.4477,0.7820,0,0
4,0.4740,0.7752,0.4477,0.7820,1,0
4,0.4740,0.7752,0.4477,0.7820,0,0
4,0.4740,0.7752,0.4477,0.7820,0,0
4,0.4740,0.7752,0.4477,0.7820,0,0
4,0.4740,0.7752,0.4477,0.7820,0,0
4,0.4740,0.7752,0.4477,0.7820,1,0
4,0.4740,0.7752,0.4477,0.7820,0,0
4,0.4740,0.7752,0.4477,0.7820,1,0
4,0.4740,0.7752,0.4477,0.7820,0,0
4,0.4740,0.7752,0.4477,0.7820,0,0
4,0.4740,0.7752,0.4477,0.7820,0,0
4,0.4740,0.7752,0.4477,0.7820,0,0
4,0.4740,0.7752,0.4477,0.7820,1,0
4,0.4740,0.7752,0.4477,0.7820,0,0
4,0.4740,0.7752,0.4477,0.7820,0,0
4,0.4740,0.7752,0.4477,0.7820,0,0
4,0.4740,0.7752,0.4477,0.7820,0,0
4,0.4740,0.7752,0.4477,0.7820,0,0
4,0.4740,0.7752,0.4477,0.7820,1,0
4,0.4740,0.7752,0.4477,0.7820,0,0
4,0.4740,0.7752,0.4477,0.7820,1,0
4,0.4740,0.7752,0.4477,0.7820,0,0
4,0.4740,0.7752,0.4477,0.7820,0,0
4,0.4740,0.7752,0.4477,0.7820,1,0
4,0.4740,0.7752,0.4477,0.7820,0,0
4,0.4740,0.7752,0.4477,0.7820,0,0
4,0.4740,0.7752,0.4477,0.7820,0,0
4,0.4740,0.7752,0.4477,0.7820,0,0
4,0.4740,0.7752,0.4477,0.7820,1,0
4,0.4740,0.7752,0.4477,0.7820,0,0
4,0.4740,0.7752,0.4477,0.7820,1,0
4,0.4740,0.7752,0.4477,0.7820,0,0
4,0.4740,0.7752,0.4477,0.7820,0,0
4,0.4740,0.7752,0.4477,0.7820,1,0
4,0.4740,0.7752,0.4477,0.7820,0,0
4,0.4740,0.7752,0.4477,0.7820,1,0
4,0.4740,0.7752,0.4477,0.7820,0,0
4,0.4740,0.7752,0.4477,0.7820,0,0
4,0.4740,0.7752,0.4477,0.7820,1,0
4,0.4740,0.7752,0.4477,0.7820,0,0
4,0.4740,0.7752,0.4477,0.7820,0,0
4,0.4740,0.7752,0.4477,0.7820,0,0
4,0.4740,0.7752,0.4477,0.7820,0,0
4,0.4740,0.7752,0.4477,0.7820,0,0
4,0.4740,0.7752,0.4477,0.7820,1,0
4,0.4740,0.7752,0.4477,0.7820,0,0
4,0.4740,0.7752,0.4477,0.7820,0,0
4,0.4740,0.7752,0.4477,0.7820,1,0
4,0.4740,0.7752,0.4477,0.7820,0,0
4,0.4740,0.7752,0.4477,0.7820,0,0
4,0.4740,0.7752,0.4477,0.7820,0,0
4,0.4740,0.7752,0.4477,0.7820,1,0
4,0.4740,0.7752,0.4477,0.7820,0,0
4,0.4740,0.7752,0.4477,0.7820,0,0
4,0.4740,0.7752,0.4477,0.7820,1,0
4,0.4740,0.7752,0.4477,0.7820,0,0
4,0.4740,0.7752,0.4477,0.7820,1,0
4,0.4740,0.7752,0.4477,0.7820,0,0
4,0.4740,0.7752,0.4477,0.7820,0,0
4,0.4740,0.7752,0.4477,0.7820,0,0
4,0.4740,0.7752,0.4477,0.7820,0,0
4,0.4740,0.7752,0.4477,0.7820,0,0
4,0.4740,0.7752,0.4477,0.7820,0,0
4,0.4740,0.7752,0.4477,0.7820,1,0
4,0.4740,0.7752,0.4477,0.7820,0,0
4,0.4740,0.7752,0.4477,0.7820,0,0
4,0.4740,0.7752,0.4477,0.7820,0,0
4,0.4740,0.7752,0.4477,0.7820,0,0
4,0.4740,0.7752,0.4477,0.7820,0,0
4,0.4740,0.7752,0.4477,0.7820,1,0
4,0.4740,0.7752,0.4477,0.7820,0,0
4,0.4740,0.7752,0.4477,0.7820,0,0
4,0.4740,0.7752,0.4477,0.7820,0,0
4,0.4740,0.7752,0.4477,0.7820,0,0
4,0.4740,0.7752,0.4477,0.7820,1,0
4,0.4740,0.7752,0.4477,0.7820,1,0
4,0.4740,0.7752,0.4477,0.7820,0,0
4,0.4740,0.7752,0.4477,0.7820,0,0
4,0.4740,0.7752,0.4477,0.7820,1,0
4,0.4740,0.7752,0.4477,0.7820,0,0
4,0.4740,0.7752,0.4477,0.7820,0,0
4,0.4740,0.7752,0.4477,0.7820,0,0
4,0.4740,0.7752,0.4477,0.7820,0,0
4,0.4740,0.7752,0.4477,0.7820,1,0
4,0.4740,0.7752,0.4477,0.7820,0,0
4,0.4740,0.7752,0.4477,0.7820,0,0
4,0.4740,0.7752,0.4477,0.7820,0,0
4,0.4740,0.7752,0.4477,0.7820,0,0
5,0.4728,0.7753,0.4902,0.7680,1,0
5,0.4728,0.7753,0.4902,0.7680,0,0
5,0.4728,0.7753,0.4902,0.7680,0,0
5,0.4728,0.7753,0.4902,0.7680,0,0
5,0.4728,0.7753,0.4902,0.7680,0,0
5,0.4728,0.7753,0.4902,0.7680,0,0
5,0.4728,0.7753,0.4902,0.7680,0,0
5,0.4728,0.7753,0.4902,0.7680,1,0
5,0.4728,0.7753,0.4902,0.7680,1,0
5,0.4728,0.7753,0.4902,0.7680,0,0
5,0.4728,0.7753,0.4902,0.7680,0,0
5,0.4728,0.7753,0.4902,0.7680,0,0
5,0.4728,0.7753,0.4902,0.7680,0,0
5,0.4728,0.7753,0.4902,0.7680,0,0
5,0.4728,0.7753,0.4902,0.7680,0,0
5,0.4728,0.7753,0.4902,0.7680,0,0
5,0.4728,0.7753,0.4902,0.7680,0,0
5,0.4728,0.7753,0.4902,0.7680,1,0
5,0.4728,0.7753,0.4902,0.7680,0,0
5,0.4728,0.7753,0.4902,0.7680,0,0
5,0.4728,0.7753,0.4902,0.7680,0,0
5,0.4728,0.7753,0.4902,0.7680,0,0
5,0.4728,0.7753,0.4902,0.7680,0,0
5,0.4728,0.7753,0.4902,0.7680,0,0
5,0.4728,0.7753,0.4902,0.7680,0,0
5,0.4728,0.7753,0.4902,0.7680,0,0
5,0.4728,0.7753,0.4902,0.7680,0,0
5,0.4728,0.7753,0.4902,0.7680,1,0
5,0.4728,0.7753,0.4902,0.7680,0,0
5,0.4728,0.7753,0.4902,0.7680,0,0
5,0.4728,0.7753,0.4902,0.7680,0,0
5,0.4728,0.7753,0.4902,0.7680,0,0
5,0.4728,0.7753,0.4902,0.7680,0,0
5,0.4728,0.7753,0.4902,0.7680,0,0
5,0.4728,0.7753,0.4902,0.7680,1,0
5,0.4728,0.7753,0.4902,0.7680,0,0
5,0.4728,0.7753,0.4902,0.7680,0,0
5,0.4728,0.7753,0.4902,0.7680,1,0
5,0.4728,0.7753,0.4902,0.7680,1,0
5,0.4728,0.7753,0.4902,0.7680,0,0
5,0.4728,0.7753,0.4902,0.7680,0,0
5,0.4728,0.7753,0.4902,0.7680,0,0
5,0.4728,0.7753,0.4902,0.7680,1,0
5,0.4728,0.7753,0.4902,0.7680,1,0
5,0.4728,0.7753,0.4902,0.7680,0,0
5,0.4728,0.7753,0.4902,0.7680,0,0
5,0.4728,0.7753,0.4902,0.7680,0,0
5,0.4728,0.7753,0.4902,0.7680,0,0
5,0.4728,0.7753,0.4902,0.7680,0,0
5,0.4728,0.7753,0.4902,0.7680,0,0
5,0.4728,0.7753,0.4902,0.7680,1,0
5,0.4728,0.7753,0.4902,0.7680,1,0
5,0.4728,0.7753,0.4902,0.7680,1,0
5,0.4728,0.7753,0.4902,0.7680,0,0
5,0.4728,0.7753,0.4902,0.7680,0,0
5,0.4728,0.7753,0.4902,0.7680,0,0
5,0.4728,0.7753,0.4902,0.7680,0,0
5,0.4728,0.7753,0.4902,0.7680,1,0
5,0.4728,0.7753,0.4902,0.7680,0,0
5,0.4728,0.7753,0.4902,0.7680,1,0
5,0.4728,0.7753,0.4902,0.7680,0,0
5,0.4728,0.7753,0.4902,0.7680,1,0
5,0.4728,0.7753,0.4902,0.7680,0,0
5,0.4728,0.7753,0.4902,0.7680,0,0
5,0.4728,0.7753,0.4902,0.7680,1,0
5,0.4728,0.7753,0.4902,0.7680,0,0
5,0.4728,0.7753,0.4902,0.7680,0,0
5,0.4728,0.7753,0.4902,0.7680,0,0
5,0.4728,0.7753,0.4902,0.7680,1,0
5,0.4728,0.7753,0.4902,0.7680,0,0
5,0.4728,0.7753,0.4902,0.7680,0,0
5,0.4728,0.7753,0.4902,0.7680,1,0
5,0.4728,0.7753,0.4902,0.7680,0,0
5,0.4728,0.7753,0.4902,0.7680,0,0
5,0.4728,0.7753,0.4902,0.7680,1,0
5,0.4728,0.7753,0.4902,0.7680,0,0
5,0.4728,0.7753,0.4902,0.7680,0,0
5,0.4728,0.7753,0.4902,0.7680,0,0
5,0.4728,0.7753,0.4902,0.7680,0,0
5,0.4728,0.7753,0.4902,0.7680,0,0
5,0.4728,0.7753,0.4902,0.7680,0,0
5,0.4728,0.7753,0.4902,0.7680,0,0
5,0.4728,0.7753,0.4902,0.7680,0,0
5,0.4728,0.7753,0.4902,0.7680,0,0
5,0.4728,0.7753,0.4902,0.7680,0,0
5,0.4728,0.7753,0.4902,0.7680,0,0
5,0.4728,0.7753,0.4902,0.7680,0,0
5,0.4728,0.7753,0.4902,0.7680,0,0
5,0.4728,0.7753,0.4902,0.7680,0,0
5,0.4728,0.7753,0.4902,0.7680,0,0
5,0.4728,0.7753,0.4902,0.7680,1,0
5,0.4728,0.7753,0.4902,0.7680,1,0
5,0.4728,0.7753,0.4902,0.7680,0,0
5,0.4728,0.7753,0.4902,0.7680,0,0
5,0.4728,0.7753,0.4902,0.7680,0,0
5,0.4728,0.7753,0.4902,0.7680,1,0
5,0.4728,0.7753,0.4902,0.7680,0,0
5,0.4728,0.7753,0.4902,0.7680,0,0
5,0.4728,0.7753,0.4902,0.7680,1,0
5,0.4728,0.7753,0.4902,0.7680,0,0
5,0.4728,0.7753,0.4902,0.7680,0,0
5,0.4728,0.7753,0.4902,0.7680,1,0
5,0.4728,0.7753,0.4902,0.7680,0,0
5,0.4728,0.7753,0.4902,0.7680,0,0
5,0.4728,0.7753,0.4902,0.7680,0,0
5,0.4728,0.7753,0.4902,0.7680,0,0
5,0.4728,0.7753,0.4902,0.7680,0,0
5,0.4728,0.7753,0.4902,0.7680,0,0
5,0.4728,0.7753,0.4902,0.7680,0,0
5,0.4728,0.7753,0.4902,0.7680,1,0
5,0.4728,0.7753,0.4902,0.7680,0,0
5,0.4728,0.7753,0.4902,0.7680,0,0
5,0.4728,0.7753,0.4902,0.7680,0,0
5,0.4728,0.7753,0.4902,0.7680,0,0
5,0.4728,0.7753,0.4902,0.7680,0,0
5,0.4728,0.7753,0.4902,0.7680,0,0
5,0.4728,0.7753,0.4902,0.7680,0,0
5,0.4728,0.7753,0.4902,0.7680,0,0
5,0.4728,0.7753,0.4902,0.7680,0,0
5,0.4728,0.7753,0.4902,0.7680,0,0
5,0.4728,0.7753,0.4902,0.7680,0,0
5,0.4728,0.7753,0.4902,0.7680,0,0
5,0.4728,0.7753,0.4902,0.7680,0,0
5,0.4728,0.7753,0.4902,0.7680,0,0
5,0.4728,0.7753,0.4902,0.7680,0,0
5,0.4728,0.7753,0.4902,0.7680,1,0
5,0.4728,0.7753,0.4902,0.7680,0,0
5,0.4728,0.7753,0.4902,0.7680,0,0
6,0.4719,0.7756,0.4792,0.7734,0,0
6,0.4719,0.7756,0.4792,0.7734,0,0
6,0.4719,0.7756,0.4792,0.7734,0,0
6,0.4719,0.7756,0.4792,0.7734,0,0
6,0.4719,0.7756,0.4792,0.7734,0,0
6,0.4719,0.7756,0.4792,0.7734,0,0
6,0.4719,0.7756,0.4792,0.7734,1,0
6,0.4719,0.7756,0.4792,0.7734,0,0
6,0.4719,0.7756,0.4792,0.7734,1,0
6,0.4719,0.7756,0.4792,0.7734,1,0
6,0.4719,0.7756,0.4792,0.7734,0,0
6,0.4719,0.7756,0.4792,0.7734,1,0
6,0.4719,0.7756,0.4792,0.7734,1,0
6,0.4719,0.7756,0.4792,0.7734,0,0
6,0.4719,0.7756,0.4792,0.7734,0,0
6,0.4719,0.7756,0.4792,0.7734,0,0
6,0.4719,0.7756,0.4792,0.7734,0,0
6,0.4719,0.7756,0.4792,0.7734,0,0
6,0.4719,0.7756,0.4792,0.7734,0,0
6,0.4719,0.7756,0.4792,0.7734,1,0
6,0.4719,0.7756,0.4792,0.7734,0,0
6,0.4719,0.7756,0.4792,0.7734,1,0
6,0.4719,0.7756,0.4792,0.7734,0,0
6,0.4719,0.7756,0.4792,0.7734,0,0
6,0.4719,0.7756,0.4792,0.7734,0,0
6,0.4719,0.7756,0.4792,0.7734,0,0
6,0.4719,0.7756,0.4792,0.7734,0,0
6,0.4719,0.7756,0.4792,0.7734,0,0
6,0.4719,0.7756,0.4792,0.7734,0,0
6,0.4719,0.7756,0.4792,0.7734,0,0
6,0.4719,0.7756,0.4792,0.7734,0,0
6,0.4719,0.7756,0.4792,0.7734,0,0
6,0.4719,0.7756,0.4792,0.7734,0,0
6,0.4719,0.7756,0.4792,0.7734,0,0
6,0.4719,0.7756,0.4792,0.7734,0,0
6,0.4719,0.7756,0.4792,0.7734,0,0
6,0.4719,0.7756,0.4792,0.7734,1,0
6,0.4719,0.7756,0.4792,0.7734,1,0
6,0.4719,0.7756,0.4792,0.7734,0,0
6,0.4719,0.7756,0.4792,0.7734,1,0
6,0.4719,0.7756,0.4792,0.7734,1,0
6,0.4719,0.7756,0.4792,0.7734,0,0
6,0.4719,0.7756,0.4792,0.7734,0,0
6,0.4719,0.7756,0.4792,0.7734,0,0
6,0.4719,0.7756,0.4792,0.7734,1,0
6,0.4719,0.7756,0.4792,0.7734,0,0
6,0.4719,0.7756,0.4792,0.7734,0,0
6,0.4719,0.7756,0.4792,0.7734,0,0
6,0.4719,0.7756,0.4792,0.7734,0,0
6,0.4719,0.7756,0.4792,0.7734,0,0
6,0.4719,0.7756,0.4792,0.7734,0,0
6,0.4719,0.7756,0.4792,0.7734,1,0
6,0.4719,0.7756,0.4792,0.7734,0,0
6,0.4719,0.7756,0.4792,0.7734,0,0
6,0.4719,0.7756,0.4792,0.7734,0,0
6,0.4719,0.7756,0.4792,0.7734,0,0
6,0.4719,0.7756,0.4792,0.7734,1,0
6,0.4719,0.7756,0.4792,0.7734,0,0
6,0.4719,0.7756,0.4792,0.7734,0,0
6,0.4719,0.7756,0.4792,0.7734,0,0
6,0.4719,0.7756,0.4792,0.7734,0,0
6,0.4719,0.7756,0.4792,0.7734,0,0
6,0.4719,0.7756,0.4792,0.7734,0,0
6,0.4719,0.7756,0.4792,0.7734,1,0
6,0.4719,0.7756,0.4792,0.7734,0,0
6,0.4719,0.7756,0.4792,0.7734,0,0
6,0.4719,0.7756,0.4792,0.7734,0,0
6,0.4719,0.7756,0.4792,0.7734,0,0
6,0.4719,0.7756,0.4792,0.7734,0,0
6,0.4719,0.7756,0.4792,0.7734,1,0
6,0.4719,0.7756,0.4792,0.7734,0,0
6,0.4719,0.7756,0.4792,0.7734,1,0
6,0.4719,0.7756,0.4792,0.7734,0,0
6,0.4719,0.7756,0.4792,0.7734,0,0
6,0.4719,0.7756,0.4792,0.7734,0,0
6,0.4719,0.7756,0.4792,0.7734,0,0
6,0.4719,0.7756,0.4792,0.7734,0,0
6,0.4719,0.7756,0.4792,0.7734,1,0
6,0.4719,0.7756,0.4792,0.7734,0,0
6,0.4719,0.7756,0.4792,0.7734,0,0
6,0.4719,0.7756,0.4792,0.7734,0,0
6,0.4719,0.7756,0.4792,0.7734,1,0
6,0.4719,0.7756,0.4792,0.7734,0,0
6,0.4719,0.7756,0.4792,0.7734,0,0
6,0.4719,0.7756,0.4792,0.7734,0,0
6,0.4719,0.7756,0.4792,0.7734,0,0
6,0.4719,0.7756,0.4792,0.7734,0,0
6,0.4719,0.7756,0.4792,0.7734,0,0
6,0.4719,0.7756,0.4792,0.7734,0,0
6,0.4719,0.7756,0.4792,0.7734,0,0
6,0.4719,0.7756,0.4792,0.7734,1,0
6,0.4719,0.7756,0.4792,0.7734,1,0
6,0.4719,0.7756,0.4792,0.7734,1,0
6,0.4719,0.7756,0.4792,0.7734,0,0
6,0.4719,0.7756,0.4792,0.7734,0,0
6,0.4719,0.7756,0.4792,0.7734,0,0
6,0.4719,0.7756,0.4792,0.7734,0,0
6,0.4719,0.7756,0.4792,0.7734,1,0
6,0.4719,0.7756,0.4792,0.7734,0,0
6,0.4719,0.7756,0.4792,0.7734,0,0
6,0.4719,0.7756,0.4792,0.7734,0,0
6,0.4719,0.7756,0.4792,0.7734,0,0
6,0.4719,0.7756,0.4792,0.7734,1,0
6,0.4719,0.7756,0.4792,0.7734,0,0
6,0.4719,0.7756,0.4792,0.7734,1,0
6,0.4719,0.7756,0.4792,0.7734,0,0
6,0.4719,0.7756,0.4792,0.7734,0,0
6,0.4719,0.7756,0.4792,0.7734,1,0
6,0.4719,0.7756,0.4792,0.7734,0,0
6,0.4719,0.7756,0.4792,0.7734,0,0
6,0.4719,0.7756,0.4792,0.7734,1,0
6,0.4719,0.7756,0.4792,0.7734,0,0
6,0.4719,0.7756,0.4792,0.7734,0,0
6,0.4719,0.7756,0.4792,0.7734,1,0
6,0.4719,0.7756,0.4792,0.7734,0,0
6,0.4719,0.7756,0.4792,0.7734,0,0
6,0.4719,0.7756,0.4792,0.7734,1,0
6,0.4719,0.7756,0.4792,0.7734,0,0
6,0.4719,0.7756,0.4792,0.7734,0,0
6,0.4719,0.7756,0.4792,0.7734,0,0
6,0.4719,0.7756,0.4792,0.7734,0,0
6,0.4719,0.7756,0.4792,0.7734,0,0
6,0.4719,0.7756,0.4792,0.7734,1,0
6,0.4719,0.7756,0.4792,0.7734,0,0
6,0.4719,0.7756,0.4792,0.7734,0,0
6,0.4719,0.7756,0.4792,0.7734,1,0
6,0.4719,0.7756,0.4792,0.7734,0,0
6,0.4719,0.7756,0.4792,0.7734,0,0
7,0.4710,0.7758,0.4860,0.7695,1,0
7,0.4710,0.7758,0.4860,0.7695,0,0
7,0.4710,0.7758,0.4860,0.7695,1,0
7,0.4710,0.7758,0.4860,0.7695,0,0
7,0.4710,0.7758,0.4860,0.7695,0,0
7,0.4710,0.7758,0.4860,0.7695,0,0
7,0.4710,0.7758,0.4860,0.7695,1,0
7,0.4710,0.7758,0.4860,0.7695,0,0
7,0.4710,0.7758,0.4860,0.7695,0,0
7,0.4710,0.7758,0.4860,0.7695,1,0
7,0.4710,0.7758,0.4860,0.7695,0,0
7,0.4710,0.7758,0.4860,0.7695,0,0
7,0.4710,0.7758,0.4860,0.7695,0,0
7,0.4710,0.7758,0.4860,0.7695,0,0
7,0.4710,0.7758,0.4860,0.7695,0,0
7,0.4710,0.7758,0.4860,0.7695,0,0
7,0.4710,0.7758,0.4860,0.7695,0,0
7,0.4710,0.7758,0.4860,0.7695,0,0
7,0.4710,0.7758,0.4860,0.7695,0,0
7,0.4710,0.7758,0.4860,0.7695,0,0
7,0.4710,0.7758,0.4860,0.7695,1,0
7,0.4710,0.7758,0.4860,0.7695,0,1
7,0.4710,0.7758,0.4860,0.7695,1,1
7,0.4710,0.7758,0.4860,0.7695,0,0
7,0.4710,0.7758,0.4860,0.7695,0,0
7,0.4710,0.7758,0.4860,0.7695,0,0
7,0.4710,0.7758,0.4860,0.7695,0,0
7,0.4710,0.7758,0.4860,0.7695,0,0
7,0.4710,0.7758,0.4860,0.7695,0,0
7,0.4710,0.7758,0.4860,0.7695,0,0
7,0.4710,0.7758,0.4860,0.7695,0,0
7,0.4710,0.7758,0.4860,0.7695,1,0
7,0.4710,0.7758,0.4860,0.7695,0,0
7,0.4710,0.7758,0.4860,0.7695,1,0
7,0.4710,0.7758,0.4860,0.7695,0,0
7,0.4710,0.7758,0.4860,0.7695,1,0
7,0.4710,0.7758,0.4860,0.7695,0,0
7,0.4710,0.7758,0.4860,0.7695,0,0
7,0.4710,0.7758,0.4860,0.7695,0,0
7,0.4710,0.7758,0.4860,0.7695,0,0
7,0.4710,0.7758,0.4860,0.7695,0,0
7,0.4710,0.7758,0.4860,0.7695,0,0
7,0.4710,0.7758,0.4860,0.7695,0,0
7,0.4710,0.7758,0.4860,0.7695,0,0
7,0.4710,0.7758,0.4860,0.7695,0,0
7,0.4710,0.7758,0.4860,0.7695,0,0
7,0.4710,0.7758,0.4860,0.7695,0,0
7,0.4710,0.7758,0.4860,0.7695,1,0
7,0.4710,0.7758,0.4860,0.7695,0,0
7,0.4710,0.7758,0.4860,0.7695,0,0
7,0.4710,0.7758,0.4860,0.7695,0,0
7,0.4710,0.7758,0.4860,0.7695,0,0
7,0.4710,0.7758,0.4860,0.7695,0,0
7,0.4710,0.7758,0.4860,0.7695,0,0
7,0.4710,0.7758,0.4860,0.7695,1,0
7,0.4710,0.7758,0.4860,0.7695,0,0
7,0.4710,0.7758,0.4860,0.7695,0,0
7,0.4710,0.7758,0.4860,0.7695,1,0
7,0.4710,0.7758,0.4860,0.7695,0,0
7,0.4710,0.7758,0.4860,0.7695,0,0
7,0.4710,0.7758,0.4860,0.7695,0,0
7,0.4710,0.7758,0.4860,0.7695,0,0
7,0.4710,0.7758,0.4860,0.7695,0,0
7,0.4710,0.7758,0.4860,0.7695,0,0
7,0.4710,0.7758,0.4860,0.7695,0,0
7,0.4710,0.7758,0.4860,0.7695,0,0
7,0.4710,0.7758,0.4860,0.7695,1,0
7,0.4710,0.7758,0.4860,0.7695,1,0
7,0.4710,0.7758,0.4860,0.7695,0,0
7,0.4710,0.7758,0.4860,0.7695,1,0
7,0.4710,0.7758,0.4860,0.7695,1,0
7,0.4710,0.7758,0.4860,0.7695,0,0
7,0.4710,0.7758,0.4860,0.7695,1,0
7,0.4710,0.7758,0.4860,0.7695,0,0
7,0.4710,0.7758,0.4860,0.7695,0,0
7,0.4710,0.7758,0.4860,0.7695,0,0
7,0.4710,0.7758,0.4860,0.7695,0,0
7,0.4710,0.7758,0.4860,0.7695,0,0
7,0.4710,0.7758,0.4860,0.7695,0,0
7,0.4710,0.7758,0.4860,0.7695,1,0
7,0.4710,0.7758,0.4860,0.7695,1,0
7,0.4710,0.7758,0.4860,0.7695,0,0
7,0.4710,0.7758,0.4860,0.7695,0,0
7,0.4710,0.7758,0.4860,0.7695,0,0
7,0.4710,0.7758,0.4860,0.7695,0,0
7,0.4710,0.7758,0.4860,0.7695,0,0
7,0.4710,0.7758,0.4860,0.7695,0,0
7,0.4710,0.7758,0.4860,0.7695,0,0
7,0.4710,0.7758,0.4860,0.7695,1,0
7,0.4710,0.7758,0.4860,0.7695,0,0
7,0.4710,0.7758,0.4860,0.7695,0,0
7,0.4710,0.7758,0.4860,0.7695,0,0
7,0.4710,0.7758,0.4860,0.7695,1,0
7,0.4710,0.7758,0.4860,0.7695,0,0
7,0.4710,0.7758,0.4860,0.7695,0,0
7,0.4710,0.7758,0.4860,0.7695,0,0
7,0.4710,0.7758,0.4860,0.7695,0,0
7,0.4710,0.7758,0.4860,0.7695,0,0
7,0.4710,0.7758,0.4860,0.7695,0,0
7,0.4710,0.7758,0.4860,0.7695,0,0
7,0.4710,0.7758,0.4860,0.7695,0,0
7,0.4710,0.7758,0.4860,0.7695,0,0
7,0.4710,0.7758,0.4860,0.7695,0,0
7,0.4710,0.7758,0.4860,0.7695,0,0
7,0.4710,0.7758,0.4860,0.7695,0,0
7,0.4710,0.7758,0.4860,0.7695,0,0
7,0.4710,0.7758,0.4860,0.7695,1,0
7,0.4710,0.7758,0.4860,0.7695,1,0
7,0.4710,0.7758,0.4860,0.7695,0,0
7,0.4710,0.7758,0.4860,0.7695,1,0
7,0.4710,0.7758,0.4860,0.7695,0,0
7,0.4710,0.7758,0.4860,0.7695,0,0
7,0.4710,0.7758,0.4860,0.7695,0,0
7,0.4710,0.7758,0.4860,0.7695,0,0
7,0.4710,0.7758,0.4860,0.7695,0,0
7,0.4710,0.7758,0.4860,0.7695,0,0
7,0.4710,0.7758,0.4860,0.7695,1,0
7,0.4710,0.7758,0.4860,0.7695,0,0
7,0.4710,0.7758,0.4860,0.7695,0,0
7,0.4710,0.7758,0.4860,0.7695,0,0
7,0.4710,0.7758,0.4860,0.7695,1,0
7,0.4710,0.7758,0.4860,0.7695,0,0
7,0.4710,0.7758,0.4860,0.7695,1,0
7,0.4710,0.7758,0.4860,0.7695,0,0
7,0.4710,0.7758,0.4860,0.7695,0,0
7,0.4710,0.7758,0.4860,0.7695,0,0
7,0.4710,0.7758,0.4860,0.7695,1,0
7,0.4710,0.7758,0.4860,0.7695,1,0
8,0.4701,0.7759,0.4699,0.7625,0,0
8,0.4701,0.7759,0.4699,0.7625,0,0
8,0.4701,0.7759,0.4699,0.7625,0,0
8,0.4701,0.7759,0.4699,0.7625,0,0
8,0.4701,0.7759,0.4699,0.7625,0,0
8,0.4701,0.7759,0.4699,0.7625,0,0
8,0.4701,0.7759,0.4699,0.7625,0,0
8,0.4701,0.7759,0.4699,0.7625,0,0
8,0.4701,0.7759,0.4699,0.7625,1,0
8,0.4701,0.7759,0.4699,0.7625,0,0
8,0.4701,0.7759,0.4699,0.7625,0,0
8,0.4701,0.7759,0.4699,0.7625,1,0
8,0.4701,0.7759,0.4699,0.7625,0,0
8,0.4701,0.7759,0.4699,0.7625,0,0
8,0.4701,0.7759,0.4699,0.7625,0,0
8,0.4701,0.7759,0.4699,0.7625,1,0
8,0.4701,0.7759,0.4699,0.7625,0,0
8,0.4701,0.7759,0.4699,0.7625,0,0
8,0.4701,0.7759,0.4699,0.7625,0,0
8,0.4701,0.7759,0.4699,0.7625,0,0
8,0.4701,0.7759,0.4699,0.7625,0,0
8,0.4701,0.7759,0.4699,0.7625,0,0
8,0.4701,0.7759,0.4699,0.7625,1,0
8,0.4701,0.7759,0.4699,0.7625,1,0
8,0.4701,0.7759,0.4699,0.7625,0,0
8,0.4701,0.7759,0.4699,0.7625,1,0
8,0.4701,0.7759,0.4699,0.7625,0,0
8,0.4701,0.7759,0.4699,0.7625,1,0
8,0.4701,0.7759,0.4699,0.7625,0,0
8,0.4701,0.7759,0.4699,0.7625,0,0
8,0.4701,0.7759,0.4699,0.7625,0,0
8,0.4701,0.7759,0.4699,0.7625,0,0
8,0.4701,0.7759,0.4699,0.7625,0,0
8,0.4701,0.7759,0.4699,0.7625,1,0
8,0.4701,0.7759,0.4699,0.7625,0,0
8,0.4701,0.7759,0.4699,0.7625,0,0
8,0.4701,0.7759,0.4699,0.7625,0,0
8,0.4701,0.7759,0.4699,0.7625,0,0
8,0.4701,0.7759,0.4699,0.7625,0,0
8,0.4701,0.7759,0.4699,0.7625,0,0
8,0.4701,0.7759,0.4699,0.7625,0,0
8,0.4701,0.7759,0.4699,0.7625,0,0
8,0.4701,0.7759,0.4699,0.7625,0,0
8,0.4701,0.7759,0.4699,0.7625,1,0
8,0.4701,0.7759,0.4699,0.7625,0,0
8,0.4701,0.7759,0.4699,0.7625,0,0
8,0.4701,0.7759,0.4699,0.7625,0,0
8,0.4701,0.7759,0.4699,0.7625,1,0
8,0.4701,0.7759,0.4699,0.7625,0,0
8,0.4701,0.7759,0.4699,0.7625,0,0
8,0.4701,0.7759,0.4699,0.7625,1,0
8,0.4701,0.7759,0.4699,0.7625,1,0
8,0.4701,0.7759,0.4699,0.7625,0,0
8,0.4701,0.7759,0.4699,0.7625,0,0
8,0.4701,0.7759,0.4699,0.7625,0,0
8,0.4701,0.7759,0.4699,0.7625,0,0
8,0.4701,0.7759,0.4699,0.7625,0,0
8,0.4701,0.7759,0.4699,0.7625,1,0
8,0.4701,0.7759,0.4699,0.7625,0,0
8,0.4701,0.7759,0.4699,0.7625,0,0
8,0.4701,0.7759,0.4699,0.7625,0,0
8,0.4701,0.7759,0.4699,0.7625,0,0
8,0.4701,0.7759,0.4699,0.7625,0,0
8,0.4701,0.7759,0.4699,0.7625,1,0
8,0.4701,0.7759,0.4699,0.7625,0,0
8,0.4701,0.7759,0.4699,0.7625,0,0
8,0.4701,0.7759,0.4699,0.7625,0,0
8,0.4701,0.7759,0.4699,0.7625,0,0
8,0.4701,0.7759,0.4699,0.7625,0,0
8,0.4701,0.7759,0.4699,0.7625,0,0
8,0.4701,0.7759,0.4699,0.7625,0,0
8,0.4701,0.7759,0.4699,0.7625,0,0
8,0.4701,0.7759,0.4699,0.7625,0,0
8,0.4701,0.7759,0.4699,0.7625,1,0
8,0.4701,0.7759,0.4699,0.7625,0,0
8,0.4701,0.7759,0.4699,0.7625,1,0
8,0.4701,0.7759,0.4699,0.7625,0,0
8,0.4701,0.7759,0.4699,0.7625,0,0
8,0.4701,0.7759,0.4699,0.7625,0,0
8,0.4701,0.7759,0.4699,0.7625,0,0
8,0.4701,0.7759,0.4699,0.7625,1,0
8,0.4701,0.7759,0.4699,0.7625,0,0
8,0.4701,0.7759,0.4699,0.7625,0,0
8,0.4701,0.7759,0.4699,0.7625,0,0
8,0.4701,0.7759,0.4699,0.7625,0,0
8,0.4701,0.7759,0.4699,0.7625,0,0
8,0.4701,0.7759,0.4699,0.7625,0,0
8,0.4701,0.7759,0.4699,0.7625,0,0
8,0.4701,0.7759,0.4699,0.7625,0,0
8,0.4701,0.7759,0.4699,0.7625,0,0
8,0.4701,0.7759,0.4699,0.7625,0,0
8,0.4701,0.7759,0.4699,0.7625,0,0
8,0.4701,0.7759,0.4699,0.7625,0,0
8,0.4701,0.7759,0.4699,0.7625,0,0
8,0.4701,0.7759,0.4699,0.7625,0,0
8,0.4701,0.7759,0.4699,0.7625,1,0
8,0.4701,0.7759,0.4699,0.7625,0,0
8,0.4701,0.7759,0.4699,0.7625,0,0
8,0.4701,0.7759,0.4699,0.7625,1,0
8,0.4701,0.7759,0.4699,0.7625,0,0
8,0.4701,0.7759,0.4699,0.7625,0,0
8,0.4701,0.7759,0.4699,0.7625,1,0
8,0.4701,0.7759,0.4699,0.7625,0,0
8,0.4701,0.7759,0.4699,0.7625,0,0
8,0.4701,0.7759,0.4699,0.7625,0,0
8,0.4701,0.7759,0.4699,0.7625,0,0
8,0.4701,0.7759,0.4699,0.7625,0,0
8,0.4701,0.7759,0.4699,0.7625,0,0
8,0.4701,0.7759,0.4699,0.7625,1,0
8,0.4701,0.7759,0.4699,0.7625,0,0
8,0.4701,0.7759,0.4699,0.7625,0,0
8,0.4701,0.7759,0.4699,0.7625,0,0
8,0.4701,0.7759,0.4699,0.7625,0,0
8,0.4701,0.7759,0.4699,0.7625,1,0
8,0.4701,0.7759,0.4699,0.7625,0,0
8,0.4701,0.7759,0.4699,0.7625,0,0
8,0.4701,0.7759,0.4699,0.7625,0,0
8,0.4701,0.7759,0.4699,0.7625,1,0
8,0.4701,0.7759,0.4699,0.7625,0,0
8,0.4701,0.7759,0.4699,0.7625,1,0
8,0.4701,0.7759,0.4699,0.7625,1,0
8,0.4701,0.7759,0.4699,0.7625,0,0
8,0.4701,0.7759,0.4699,0.7625,0,0
8,0.4701,0.7759,0.4699,0.7625,1,0
8,0.4701,0.7759,0.4699,0.7625,0,0
8,0.4701,0.7759,0.4699,0.7625,0,0
8,0.4701,0.7759,0.4699,0.7625,0,0
8,0.4701,0.7759,0.4699,0.7625,0,0
9,0.4697,0.7758,0.4729,0.7734,0,0
9,0.4697,0.7758,0.4729,0.7734,0,0
9,0.4697,0.7758,0.4729,0.7734,0,0
9,0.4697,0.7758,0.4729,0.7734,0,0
9,0.4697,0.7758,0.4729,0.7734,0,0
9,0.4697,0.7758,0.4729,0.7734,1,0
9,0.4697,0.7758,0.4729,0.7734,0,0
9,0.4697,0.7758,0.4729,0.7734,0,0
9,0.4697,0.7758,0.4729,0.7734,0,0
9,0.4697,0.7758,0.4729,0.7734,0,0
9,0.4697,0.7758,0.4729,0.7734,0,0
9,0.4697,0.7758,0.4729,0.7734,1,0
9,0.4697,0.7758,0.4729,0.7734,0,0
9,0.4697,0.7758,0.4729,0.7734,0,0
9,0.4697,0.7758,0.4729,0.7734,0,0
9,0.4697,0.7758,0.4729,0.7734,0,0
9,0.4697,0.7758,0.4729,0.7734,1,0
9,0.4697,0.7758,0.4729,0.7734,1,0
9,0.4697,0.7758,0.4729,0.7734,0,0
9,0.4697,0.7758,0.4729,0.7734,0,0
9,0.4697,0.7758,0.4729,0.7734,0,0
9,0.4697,0.7758,0.4729,0.7734,0,0
9,0.4697,0.7758,0.4729,0.7734,0,0
9,0.4697,0.7758,0.4729,0.7734,0,0
9,0.4697,0.7758,0.4729,0.7734,0,0
9,0.4697,0.7758,0.4729,0.7734,0,0
9,0.4697,0.7758,0.4729,0.7734,1,0
9,0.4697,0.7758,0.4729,0.7734,0,0
9,0.4697,0.7758,0.4729,0.7734,0,0
9,0.4697,0.7758,0.4729,0.7734,0,0
9,0.4697,0.7758,0.4729,0.7734,0,0
9,0.4697,0.7758,0.4729,0.7734,0,0
9,0.4697,0.7758,0.4729,0.7734,0,0
9,0.4697,0.7758,0.4729,0.7734,1,0
9,0.4697,0.7758,0.4729,0.7734,0,0
9,0.4697,0.7758,0.4729,0.7734,0,0
9,0.4697,0.7758,0.4729,0.7734,0,0
9,0.4697,0.7758,0.4729,0.7734,0,0
9,0.4697,0.7758,0.4729,0.7734,1,0
9,0.4697,0.7758,0.4729,0.7734,0,0
9,0.4697,0.7758,0.4729,0.7734,1,0
9,0.4697,0.7758,0.4729,0.7734,1,0
9,0.4697,0.7758,0.4729,0.7734,0,0
9,0.4697,0.7758,0.4729,0.7734,0,0
9,0.4697,0.7758,0.4729,0.7734,1,0
9,0.4697,0.7758,0.4729,0.7734,0,0
9,0.4697,0.7758,0.4729,0.7734,0,0
9,0.4697,0.7758,0.4729,0.7734,0,0
9,0.4697,0.7758,0.4729,0.7734,0,0
9,0.4697,0.7758,0.4729,0.7734,0,0
9,0.4697,0.7758,0.4729,0.7734,0,0
9,0.4697,0.7758,0.4729,0.7734,0,0
9,0.4697,0.7758,0.4729,0.7734,0,0
9,0.4697,0.7758,0.4729,0.7734,0,0
9,0.4697,0.7758,0.4729,0.7734,0,0
9,0.4697,0.7758,0.4729,0.7734,0,0
9,0.4697,0.7758,0.4729,0.7734,0,0
9,0.4697,0.7758,0.4729,0.7734,0,0
9,0.4697,0.7758,0.4729,0.7734,0,0
9,0.4697,0.7758,0.4729,0.7734,0,0
9,0.4697,0.7758,0.4729,0.7734,1,0
9,0.4697,0.7758,0.4729,0.7734,0,0
9,0.4697,0.7758,0.4729,0.7734,0,0
9,0.4697,0.7758,0.4729,0.7734,0,0
9,0.4697,0.7758,0.4729,0.7734,0,0
9,0.4697,0.7758,0.4729,0.7734,0,0
9,0.4697,0.7758,0.4729,0.7734,0,0
9,0.4697,0.7758,0.4729,0.7734,0,0
9,0.4697,0.7758,0.4729,0.7734,1,0
9,0.4697,0.7758,0.4729,0.7734,0,0
9,0.4697,0.7758,0.4729,0.7734,0,0
9,0.4697,0.7758,0.4729,0.7734,0,0
9,0.4697,0.7758,0.4729,0.7734,1,0
9,0.4697,0.7758,0.4729,0.7734,0,0
9,0.4697,0.7758,0.4729,0.7734,1,0
9,0.4697,0.7758,0.4729,0.7734,0,0
9,0.4697,0.7758,0.4729,0.7734,0,0
9,0.4697,0.7758,0.4729,0.7734,0,0
9,0.4697,0.7758,0.4729,0.7734,1,0
9,0.4697,0.7758,0.4729,0.7734,0,0
9,0.4697,0.7758,0.4729,0.7734,1,0
9,0.4697,0.7758,0.4729,0.7734,0,0
9,0.4697,0.7758,0.4729,0.7734,0,0
9,0.4697,0.7758,0.4729,0.7734,0,0
9,0.4697,0.7758,0.4729,0.7734,1,0
9,0.4697,0.7758,0.4729,0.7734,0,0
9,0.4697,0.7758,0.4729,0.7734,0,0
9,0.4697,0.7758,0.4729,0.7734,0,0
9,0.4697,0.7758,0.4729,0.7734,0,0
9,0.4697,0.7758,0.4729,0.7734,0,0
9,0.4697,0.7758,0.4729,0.7734,0,0
9,0.4697,0.7758,0.4729,0.7734,0,0
9,0.4697,0.7758,0.4729,0.7734,0,0
9,0.4697,0.7758,0.4729,0.7734,0,0
9,0.4697,0.7758,0.4729,0.7734,1,0
9,0.4697,0.7758,0.4729,0.7734,0,0
9,0.4697,0.7758,0.4729,0.7734,1,0
9,0.4697,0.7758,0.4729,0.7734,0,0
9,0.4697,0.7758,0.4729,0.7734,0,0
9,0.4697,0.7758,0.4729,0.7734,0,0
9,0.4697,0.7758,0.4729,0.7734,0,0
9,0.4697,0.7758,0.4729,0.7734,0,0
9,0.4697,0.7758,0.4729,0.7734,0,0
9,0.4697,0.7758,0.4729,0.7734,1,0
9,0.4697,0.7758,0.4729,0.7734,0,0
9,0.4697,0.7758,0.4729,0.7734,1,0
9,0.4697,0.7758,0.4729,0.7734,1,0
9,0.4697,0.7758,0.4729,0.7734,1,0
9,0.4697,0.7758,0.4729,0.7734,0,0
9,0.4697,0.7758,0.4729,0.7734,1,0
9,0.4697,0.7758,0.4729,0.7734,0,0
9,0.4697,0.7758,0.4729,0.7734,0,0
9,0.4697,0.7758,0.4729,0.7734,0,0
9,0.4697,0.7758,0.4729,0.7734,0,0
9,0.4697,0.7758,0.4729,0.7734,0,0
9,0.4697,0.7758,0.4729,0.7734,0,0
9,0.4697,0.7758,0.4729,0.7734,0,0
9,0.4697,0.7758,0.4729,0.7734,0,0
9,0.4697,0.7758,0.4729,0.7734,0,0
9,0.4697,0.7758,0.4729,0.7734,1,0
9,0.4697,0.7758,0.4729,0.7734,0,0
9,0.4697,0.7758,0.4729,0.7734,0,0
9,0.4697,0.7758,0.4729,0.7734,1,0
9,0.4697,0.7758,0.4729,0.7734,0,0
9,0.4697,0.7758,0.4729,0.7734,1,0
9,0.4697,0.7758,0.4729,0.7734,1,0
9,0.4697,0.7758,0.4729,0.7734,0,0
9,0.4697,0.7758,0.4729,0.7734,0,0
10,0.4691,0.7761,0.4618,0.7867,0,0
10,0.4691,0.7761,0.4618,0.7867,0,0
10,0.4691,0.7761,0.4618,0.7867,1,0
10,0.4691,0.7761,0.4618,0.7867,1,0
10,0.4691,0.7761,0.4618,0.7867,0,0
10,0.4691,0.7761,0.4618,0.7867,1,0
10,0.4691,0.7761,0.4618,0.7867,0,0
10,0.4691,0.7761,0.4618,0.7867,1,0
10,0.4691,0.7761,0.4618,0.7867,0,0
10,0.4691,0.7761,0.4618,0.7867,0,0
10,0.4691,0.7761,0.4618,0.7867,0,0
10,0.4691,0.7761,0.4618,0.7867,0,0
10,0.4691,0.7761,0.4618,0.7867,0,0
10,0.4691,0.7761,0.4618,0.7867,0,0
10,0.4691,0.7761,0.4618,0.7867,0,0
10,0.4691,0.7761,0.4618,0.7867,0,0
10,0.4691,0.7761,0.4618,0.7867,0,0
10,0.4691,0.7761,0.4618,0.7867,0,0
10,0.4691,0.7761,0.4618,0.7867,0,0
10,0.4691,0.7761,0.4618,0.7867,0,0
10,0.4691,0.7761,0.4618,0.7867,0,0
10,0.4691,0.7761,0.4618,0.7867,1,0
10,0.4691,0.7761,0.4618,0.7867,1,0
10,0.4691,0.7761,0.4618,0.7867,0,0
10,0.4691,0.7761,0.4618,0.7867,0,0
10,0.4691,0.7761,0.4618,0.7867,0,0
10,0.4691,0.7761,0.4618,0.7867,0,0
10,0.4691,0.7761,0.4618,0.7867,0,0
10,0.4691,0.7761,0.4618,0.7867,0,0
10,0.4691,0.7761,0.4618,0.7867,0,0
10,0.4691,0.7761,0.4618,0.7867,0,0
10,0.4691,0.7761,0.4618,0.7867,0,0
10,0.4691,0.7761,0.4618,0.7867,1,0
10,0.4691,0.7761,0.4618,0.7867,0,0
10,0.4691,0.7761,0.4618,0.7867,0,0
10,0.4691,0.7761,0.4618,0.7867,0,0
10,0.4691,0.7761,0.4618,0.7867,0,0
10,0.4691,0.7761,0.4618,0.7867,0,0
10,0.4691,0.7761,0.4618,0.7867,0,0
10,0.4691,0.7761,0.4618,0.7867,0,0
10,0.4691,0.7761,0.4618,0.7867,0,0
10,0.4691,0.7761,0.4618,0.7867,0,0
10,0.4691,0.7761,0.4618,0.7867,0,0
10,0.4691,0.7761,0.4618,0.7867,0,0
10,0.4691,0.7761,0.4618,0.7867,1,0
10,0.4691,0.7761,0.4618,0.7867,0,0
10,0.4691,0.7761,0.4618,0.7867,0,0
10,0.4691,0.7761,0.4618,0.7867,0,0
10,0.4691,0.7761,0.4618,0.7867,1,0
10,0.4691,0.7761,0.4618,0.7867,0,0
10,0.4691,0.7761,0.4618,0.7867,0,0
10,0.4691,0.7761,0.4618,0.7867,0,0
10,0.4691,0.7761,0.4618,0.7867,1,0
10,0.4691,0.7761,0.4618,0.7867,1,0
10,0.4691,0.7761,0.4618,0.7867,0,0
10,0.4691,0.7761,0.4618,0.7867,0,1
10,0.4691,0.7761,0.4618,0.7867,0,0
10,0.4691,0.7761,0.4618,0.7867,0,0
10,0.4691,0.7761,0.4618,0.7867,0,0
10,0.4691,0.7761,0.4618,0.7867,0,0
10,0.4691,0.7761,0.4618,0.7867,0,0
10,0.4691,0.7761,0.4618,0.7867,0,0
10,0.4691,0.7761,0.4618,0.7867,0,0
10,0.4691,0.7761,0.4618,0.7867,0,0
10,0.4691,0.7761,0.4618,0.7867,1,0
10,0.4691,0.7761,0.4618,0.7867,1,0
10,0.4691,0.7761,0.4618,0.7867,1,0
10,0.4691,0.7761,0.4618,0.7867,1,0
10,0.4691,0.7761,0.4618,0.7867,0,0
10,0.4691,0.7761,0.4618,0.7867,1,0
10,0.4691,0.7761,0.4618,0.7867,0,0
10,0.4691,0.7761,0.4618,0.7867,1,0
10,0.4691,0.7761,0.4618,0.7867,0,0
10,0.4691,0.7761,0.4618,0.7867,0,1
10,0.4691,0.7761,0.4618,0.7867,0,0
10,0.4691,0.7761,0.4618,0.7867,0,0
10,0.4691,0.7761,0.4618,0.7867,0,0
10,0.4691,0.7761,0.4618,0.7867,0,0
10,0.4691,0.7761,0.4618,0.7867,1,0
10,0.4691,0.7761,0.4618,0.7867,0,0
10,0.4691,0.7761,0.4618,0.7867,0,0
10,0.4691,0.7761,0.4618,0.7867,0,0
10,0.4691,0.7761,0.4618,0.7867,0,0
10,0.4691,0.7761,0.4618,0.7867,0,0
10,0.4691,0.7761,0.4618,0.7867,0,0
10,0.4691,0.7761,0.4618,0.7867,0,0
10,0.4691,0.7761,0.4618,0.7867,0,0
10,0.4691,0.7761,0.4618,0.7867,1,0
10,0.4691,0.7761,0.4618,0.7867,0,0
10,0.4691,0.7761,0.4618,0.7867,0,0
10,0.4691,0.7761,0.4618,0.7867,0,0
10,0.4691,0.7761,0.4618,0.7867,1,0
10,0.4691,0.7761,0.4618,0.7867,0,0
10,0.4691,0.7761,0.4618,0.7867,1,0
10,0.4691,0.7761,0.4618,0.7867,0,0
10,0.4691,0.7761,0.4618,0.7867,0,0
10,0.4691,0.7761,0.4618,0.7867,0,0
10,0.4691,0.7761,0.4618,0.7867,1,0
10,0.4691,0.7761,0.4618,0.7867,0,0
10,0.4691,0.7761,0.4618,0.7867,0,0
10,0.4691,0.7761,0.4618,0.7867,0,0
10,0.4691,0.7761,0.4618,0.7867,0,0
10,0.4691,0.7761,0.4618,0.7867,0,0
10,0.4691,0.7761,0.4618,0.7867,0,0
10,0.4691,0.7761,0.4618,0.7867,0,0
10,0.4691,0.7761,0.4618,0.7867,1,0
10,0.4691,0.7761,0.4618,0.7867,0,0
10,0.4691,0.7761,0.4618,0.7867,0,0
10,0.4691,0.7761,0.4618,0.7867,0,0
10,0.4691,0.7761,0.4618,0.7867,0,0
10,0.4691,0.7761,0.4618,0.7867,1,1
10,0.4691,0.7761,0.4618,0.7867,0,0
10,0.4691,0.7761,0.4618,0.7867,0,0
10,0.4691,0.7761,0.4618,0.7867,0,0
10,0.4691,0.7761,0.4618,0.7867,1,0
10,0.4691,0.7761,0.4618,0.7867,0,0
10,0.4691,0.7761,0.4618,0.7867,0,0
10,0.4691,0.7761,0.4618,0.7867,0,0
10,0.4691,0.7761,0.4618,0.7867,0,0
10,0.4691,0.7761,0.4618,0.7867,0,0
10,0.4691,0.7761,0.4618,0.7867,0,0
10,0.4691,0.7761,0.4618,0.7867,0,0
10,0.4691,0.7761,0.4618,0.7867,1,0
10,0.4691,0.7761,0.4618,0.7867,1,0
10,0.4691,0.7761,0.4618,0.7867,0,0
10,0.4691,0.7761,0.4618,0.7867,1,0
10,0.4691,0.7761,0.4618,0.7867,0,0
10,0.4691,0.7761,0.4618,0.7867,0,0
11,0.4686,0.7760,0.4415,0.7953,1,0
11,0.4686,0.7760,0.4415,0.7953,1,0
11,0.4686,0.7760,0.4415,0.7953,0,0
11,0.4686,0.7760,0.4415,0.7953,0,0
11,0.4686,0.7760,0.4415,0.7953,0,0
11,0.4686,0.7760,0.4415,0.7953,0,0
11,0.4686,0.7760,0.4415,0.7953,0,0
11,0.4686,0.7760,0.4415,0.7953,1,0
11,0.4686,0.7760,0.4415,0.7953,1,0
11,0.4686,0.7760,0.4415,0.7953,0,0
11,0.4686,0.7760,0.4415,0.7953,1,0
11,0.4686,0.7760,0.4415,0.7953,0,0
11,0.4686,0.7760,0.4415,0.7953,1,0
11,0.4686,0.7760,0.4415,0.7953,0,0
11,0.4686,0.7760,0.4415,0.7953,0,0
11,0.4686,0.7760,0.4415,0.7953,1,0
11,0.4686,0.7760,0.4415,0.7953,0,0
11,0.4686,0.7760,0.4415,0.7953,0,0
11,0.4686,0.7760,0.4415,0.7953,0,0
11,0.4686,0.7760,0.4415,0.7953,0,0
11,0.4686,0.7760,0.4415,0.7953,0,0
11,0.4686,0.7760,0.4415,0.7953,0,0
11,0.4686,0.7760,0.4415,0.7953,0,0
11,0.4686,0.7760,0.4415,0.7953,0,0
11,0.4686,0.7760,0.4415,0.7953,0,0
11,0.4686,0.7760,0.4415,0.7953,0,0
11,0.4686,0.7760,0.4415,0.7953,0,0
11,0.4686,0.7760,0.4415,0.7953,1,0
11,0.4686,0.7760,0.4415,0.7953,0,0
11,0.4686,0.7760,0.4415,0.7953,0,0
11,0.4686,0.7760,0.4415,0.7953,0,0
11,0.4686,0.7760,0.4415,0.7953,0,0
11,0.4686,0.7760,0.4415,0.7953,1,0
11,0.4686,0.7760,0.4415,0.7953,1,0
11,0.4686,0.7760,0.4415,0.7953,0,0
11,0.4686,0.7760,0.4415,0.7953,1,0
11,0.4686,0.7760,0.4415,0.7953,1,0
11,0.4686,0.7760,0.4415,0.7953,1,0
11,0.4686,0.7760,0.4415,0.7953,0,0
11,0.4686,0.7760,0.4415,0.7953,0,0
11,0.4686,0.7760,0.4415,0.7953,1,0
11,0.4686,0.7760,0.4415,0.7953,0,0
11,0.4686,0.7760,0.4415,0.7953,0,0
11,0.4686,0.7760,0.4415,0.7953,0,0
11,0.4686,0.7760,0.4415,0.7953,0,0
11,0.4686,0.7760,0.4415,0.7953,0,0
11,0.4686,0.7760,0.4415,0.7953,0,0
11,0.4686,0.7760,0.4415,0.7953,0,0
11,0.4686,0.7760,0.4415,0.7953,0,0
11,0.4686,0.7760,0.4415,0.7953,0,0
11,0.4686,0.7760,0.4415,0.7953,1,0
11,0.4686,0.7760,0.4415,0.7953,0,0
11,0.4686,0.7760,0.4415,0.7953,0,0
11,0.4686,0.7760,0.4415,0.7953,0,0
11,0.4686,0.7760,0.4415,0.7953,0,0
11,0.4686,0.7760,0.4415,0.7953,0,0
11,0.4686,0.7760,0.4415,0.7953,0,0
11,0.4686,0.7760,0.4415,0.7953,0,0
11,0.4686,0.7760,0.4415,0.7953,0,0
11,0.4686,0.7760,0.4415,0.7953,0,0
11,0.4686,0.7760,0.4415,0.7953,0,0
11,0.4686,0.7760,0.4415,0.7953,0,0
11,0.4686,0.7760,0.4415,0.7953,0,0
11,0.4686,0.7760,0.4415,0.7953,0,0
11,0.4686,0.7760,0.4415,0.7953,0,0
11,0.4686,0.7760,0.4415,0.7953,1,0
11,0.4686,0.7760,0.4415,0.7953,0,0
11,0.4686,0.7760,0.4415,0.7953,0,0
11,0.4686,0.7760,0.4415,0.7953,0,0
11,0.4686,0.7760,0.4415,0.7953,0,0
11,0.4686,0.7760,0.4415,0.7953,0,0
11,0.4686,0.7760,0.4415,0.7953,0,0
11,0.4686,0.7760,0.4415,0.7953,0,0
11,0.4686,0.7760,0.4415,0.7953,1,0
11,0.4686,0.7760,0.4415,0.7953,0,0
11,0.4686,0.7760,0.4415,0.7953,0,0
11,0.4686,0.7760,0.4415,0.7953,0,0
11,0.4686,0.7760,0.4415,0.7953,0,0
11,0.4686,0.7760,0.4415,0.7953,1,0
11,0.4686,0.7760,0.4415,0.7953,0,0
11,0.4686,0.7760,0.4415,0.7953,0,0
11,0.4686,0.7760,0.4415,0.7953,0,0
11,0.4686,0.7760,0.4415,0.7953,1,0
11,0.4686,0.7760,0.4415,0.7953,0,0
11,0.4686,0.7760,0.4415,0.7953,0,0
11,0.4686,0.7760,0.4415,0.7953,1,0
11,0.4686,0.7760,0.4415,0.7953,0,0
11,0.4686,0.7760,0.4415,0.7953,0,0
11,0.4686,0.7760,0.4415,0.7953,0,0
11,0.4686,0.7760,0.4415,0.7953,0,0
11,0.4686,0.7760,0.4415,0.7953,0,0
11,0.4686,0.7760,0.4415,0.7953,0,0
11,0.4686,0.7760,0.4415,0.7953,0,0
11,0.4686,0.7760,0.4415,0.7953,0,0
11,0.4686,0.7760,0.4415,0.7953,0,0
11,0.4686,0.7760,0.4415,0.7953,0,0
11,0.4686,0.7760,0.4415,0.7953,0,0
11,0.4686,0.7760,0.4415,0.7953,0,0
11,0.4686,0.7760,0.4415,0.7953,0,0
11,0.4686,0.7760,0.4415,0.7953,0,0
11,0.4686,0.7760,0.4415,0.7953,0,0
11,0.4686,0.7760,0.4415,0.7953,0,0
11,0.4686,0.7760,0.4415,0.7953,0,0
11,0.4686,0.7760,0.4415,0.7953,0,0
11,0.4686,0.7760,0.4415,0.7953,0,0
11,0.4686,0.7760,0.4415,0.7953,0,0
11,0.4686,0.7760,0.4415,0.7953,1,0
11,0.4686,0.7760,0.4415,0.7953,0,0
11,0.4686,0.7760,0.4415,0.7953,0,0
11,0.4686,0.7760,0.4415,0.7953,0,0
11,0.4686,0.7760,0.4415,0.7953,1,0
11,0.4686,0.7760,0.4415,0.7953,0,0
11,0.4686,0.7760,0.4415,0.7953,0,0
11,0.4686,0.7760,0.4415,0.7953,0,0
11,0.4686,0.7760,0.4415,0.7953,0,0
11,0.4686,0.7760,0.4415,0.7953,1,0
11,0.4686,0.7760,0.4415,0.7953,0,0
11,0.4686,0.7760,0.4415,0.7953,1,0
11,0.4686,0.7760,0.4415,0.7953,1,0
11,0.4686,0.7760,0.4415,0.7953,0,0
11,0.4686,0.7760,0.4415,0.7953,0,0
11,0.4686,0.7760,0.4415,0.7953,0,0
11,0.4686,0.7760,0.4415,0.7953,0,0
11,0.4686,0.7760,0.4415,0.7953,0,0
11,0.4686,0.7760,0.4415,0.7953,1,0
11,0.4686,0.7760,0.4415,0.7953,0,0
11,0.4686,0.7760,0.4415,0.7953,0,0
11,0.4686,0.7760,0.4415,0.7953,0,0
12,0.4680,0.7763,0.4719,0.7680,0,0
12,0.4680,0.7763,0.4719,0.7680,0,0
12,0.4680,0.7763,0.4719,0.7680,0,0
12,0.4680,0.7763,0.4719,0.7680,0,0
12,0.4680,0.7763,0.4719,0.7680,0,0
12,0.4680,0.7763,0.4719,0.7680,0,0
12,0.4680,0.7763,0.4719,0.7680,1,0
12,0.4680,0.7763,0.4719,0.7680,0,0
12,0.4680,0.7763,0.4719,0.7680,0,0
12,0.4680,0.7763,0.4719,0.7680,0,0
12,0.4680,0.7763,0.4719,0.7680,0,0
12,0.4680,0.7763,0.4719,0.7680,0,0
12,0.4680,0.7763,0.4719,0.7680,0,0
12,0.4680,0.7763,0.4719,0.7680,0,0
12,0.4680,0.7763,0.4719,0.7680,0,0
12,0.4680,0.7763,0.4719,0.7680,1,0
12,0.4680,0.7763,0.4719,0.7680,0,0
12,0.4680,0.7763,0.4719,0.7680,0,0
12,0.4680,0.7763,0.4719,0.7680,1,0
12,0.4680,0.7763,0.4719,0.7680,0,0
12,0.4680,0.7763,0.4719,0.7680,0,0
12,0.4680,0.7763,0.4719,0.7680,0,0
12,0.4680,0.7763,0.4719,0.7680,0,0
12,0.4680,0.7763,0.4719,0.7680,1,0
12,0.4680,0.7763,0.4719,0.7680,0,0
12,0.4680,0.7763,0.4719,0.7680,0,0
12,0.4680,0.7763,0.4719,0.7680,0,0
12,0.4680,0.7763,0.4719,0.7680,0,0
12,0.4680,0.7763,0.4719,0.7680,0,0
12,0.4680,0.7763,0.4719,0.7680,0,0
12,0.4680,0.7763,0.4719,0.7680,1,0
12,0.4680,0.7763,0.4719,0.7680,0,0
12,0.4680,0.7763,0.4719,0.7680,0,0
12,0.4680,0.7763,0.4719,0.7680,0,0
12,0.4680,0.7763,0.4719,0.7680,0,0
12,0.4680,0.7763,0.4719,0.7680,0,0
12,0.4680,0.7763,0.4719,0.7680,0,0
12,0.4680,0.7763,0.4719,0.7680,0,0
12,0.4680,0.7763,0.4719,0.7680,0,0
12,0.4680,0.7763,0.4719,0.7680,0,0
12,0.4680,0.7763,0.4719,0.7680,0,0
12,0.4680,0.7763,0.4719,0.7680,0,0
12,0.4680,0.7763,0.4719,0.7680,0,0
12,0.4680,0.7763,0.4719,0.7680,0,0
12,0.4680,0.7763,0.4719,0.7680,0,0
12,0.4680,0.7763,0.4719,0.7680,0,0
12,0.4680,0.7763,0.4719,0.7680,1,1
12,0.4680,0.7763,0.4719,0.7680,0,0
12,0.4680,0.7763,0.4719,0.7680,0,0
12,0.4680,0.7763,0.4719,0.7680,0,0
12,0.4680,0.7763,0.4719,0.7680,0,0
12,0.4680,0.7763,0.4719,0.7680,0,0
12,0.4680,0.7763,0.4719,0.7680,0,0
12,0.4680,0.7763,0.4719,0.7680,0,0
12,0.4680,0.7763,0.4719,0.7680,0,0
12,0.4680,0.7763,0.4719,0.7680,1,0
12,0.4680,0.7763,0.4719,0.7680,1,0
12,0.4680,0.7763,0.4719,0.7680,0,0
12,0.4680,0.7763,0.4719,0.7680,1,0
12,0.4680,0.7763,0.4719,0.7680,0,0
12,0.4680,0.7763,0.4719,0.7680,0,0
12,0.4680,0.7763,0.4719,0.7680,0,0
12,0.4680,0.7763,0.4719,0.7680,0,0
12,0.4680,0.7763,0.4719,0.7680,0,1
12,0.4680,0.7763,0.4719,0.7680,0,0
12,0.4680,0.7763,0.4719,0.7680,1,1
12,0.4680,0.7763,0.4719,0.7680,0,0
12,0.4680,0.7763,0.4719,0.7680,0,0
12,0.4680,0.7763,0.4719,0.7680,0,0
12,0.4680,0.7763,0.4719,0.7680,0,0
12,0.4680,0.7763,0.4719,0.7680,0,0
12,0.4680,0.7763,0.4719,0.7680,0,0
12,0.4680,0.7763,0.4719,0.7680,0,0
12,0.4680,0.7763,0.4719,0.7680,0,0
12,0.4680,0.7763,0.4719,0.7680,0,0
12,0.4680,0.7763,0.4719,0.7680,1,0
12,0.4680,0.7763,0.4719,0.7680,0,0
12,0.4680,0.7763,0.4719,0.7680,0,0
12,0.4680,0.7763,0.4719,0.7680,0,1
12,0.4680,0.7763,0.4719,0.7680,0,0
12,0.4680,0.7763,0.4719,0.7680,0,0
12,0.4680,0.7763,0.4719,0.7680,0,0
12,0.4680,0.7763,0.4719,0.7680,1,0
12,0.4680,0.7763,0.4719,0.7680,0,0
12,0.4680,0.7763,0.4719,0.7680,0,0
12,0.4680,0.7763,0.4719,0.7680,1,0
12,0.4680,0.7763,0.4719,0.7680,0,0
12,0.4680,0.7763,0.4719,0.7680,0,1
12,0.4680,0.7763,0.4719,0.7680,0,0
12,0.4680,0.7763,0.4719,0.7680,0,0
12,0.4680,0.7763,0.4719,0.7680,0,0
12,0.4680,0.7763,0.4719,0.7680,0,0
12,0.4680,0.7763,0.4719,0.7680,1,0
12,0.4680,0.7763,0.4719,0.7680,1,0
12,0.4680,0.7763,0.4719,0.7680,0,0
12,0.4680,0.7763,0.4719,0.7680,0,0
12,0.4680,0.7763,0.4719,0.7680,1,0
12,0.4680,0.7763,0.4719,0.7680,0,0
12,0.4680,0.7763,0.4719,0.7680,1,0
12,0.4680,0.7763,0.4719,0.7680,0,0
12,0.4680,0.7763,0.4719,0.7680,0,0
12,0.4680,0.7763,0.4719,0.7680,0,0
12,0.4680,0.7763,0.4719,0.7680,1,0
12,0.4680,0.7763,0.4719,0.7680,0,0
12,0.4680,0.7763,0.4719,0.7680,1,0
12,0.4680,0.7763,0.4719,0.7680,1,0
12,0.4680,0.7763,0.4719,0.7680,1,0
12,0.4680,0.7763,0.4719,0.7680,0,0
12,0.4680,0.7763,0.4719,0.7680,0,0
12,0.4680,0.7763,0.4719,0.7680,1,0
12,0.4680,0.7763,0.4719,0.7680,0,0
12,0.4680,0.7763,0.4719,0.7680,1,0
12,0.4680,0.7763,0.4719,0.7680,1,0
12,0.4680,0.7763,0.4719,0.7680,0,0
12,0.4680,0.7763,0.4719,0.7680,0,0
12,0.4680,0.7763,0.4719,0.7680,0,0
12,0.4680,0.7763,0.4719,0.7680,0,0
12,0.4680,0.7763,0.4719,0.7680,0,0
12,0.4680,0.7763,0.4719,0.7680,1,0
12,0.4680,0.7763,0.4719,0.7680,0,0
12,0.4680,0.7763,0.4719,0.7680,0,0
12,0.4680,0.7763,0.4719,0.7680,0,0
12,0.4680,0.7763,0.4719,0.7680,1,0
12,0.4680,0.7763,0.4719,0.7680,0,0
12,0.4680,0.7763,0.4719,0.7680,0,0
12,0.4680,0.7763,0.4719,0.7680,0,0
12,0.4680,0.7763,0.4719,0.7680,0,0
12,0.4680,0.7763,0.4719,0.7680,0,0
13,0.4679,0.7763,0.4628,0.7781,1,0
13,0.4679,0.7763,0.4628,0.7781,0,0
13,0.4679,0.7763,0.4628,0.7781,0,0
13,0.4679,0.7763,0.4628,0.7781,1,0
13,0.4679,0.7763,0.4628,0.7781,0,0
13,0.4679,0.7763,0.4628,0.7781,0,0
13,0.4679,0.7763,0.4628,0.7781,0,0
13,0.4679,0.7763,0.4628,0.7781,0,0
13,0.4679,0.7763,0.4628,0.7781,1,0
13,0.4679,0.7763,0.4628,0.7781,1,0
13,0.4679,0.7763,0.4628,0.7781,0,0
13,0.4679,0.7763,0.4628,0.7781,0,0
13,0.4679,0.7763,0.4628,0.7781,0,0
13,0.4679,0.7763,0.4628,0.7781,1,0
13,0.4679,0.7763,0.4628,0.7781,0,0
13,0.4679,0.7763,0.4628,0.7781,1,0
13,0.4679,0.7763,0.4628,0.7781,0,0
13,0.4679,0.7763,0.4628,0.7781,0,0
13,0.4679,0.7763,0.4628,0.7781,0,0
13,0.4679,0.7763,0.4628,0.7781,1,0
13,0.4679,0.7763,0.4628,0.7781,0,0
13,0.4679,0.7763,0.4628,0.7781,0,0
13,0.4679,0.7763,0.4628,0.7781,1,0
13,0.4679,0.7763,0.4628,0.7781,1,0
13,0.4679,0.7763,0.4628,0.7781,0,0
13,0.4679,0.7763,0.4628,0.7781,1,0
13,0.4679,0.7763,0.4628,0.7781,0,0
13,0.4679,0.7763,0.4628,0.7781,1,0
13,0.4679,0.7763,0.4628,0.7781,0,0
13,0.4679,0.7763,0.4628,0.7781,1,0
13,0.4679,0.7763,0.4628,0.7781,1,0
13,0.4679,0.7763,0.4628,0.7781,1,0
13,0.4679,0.7763,0.4628,0.7781,0,0
13,0.4679,0.7763,0.4628,0.7781,0,0
13,0.4679,0.7763,0.4628,0.7781,0,0
13,0.4679,0.7763,0.4628,0.7781,0,0
13,0.4679,0.7763,0.4628,0.7781,1,0
13,0.4679,0.7763,0.4628,0.7781,0,0
13,0.4679,0.7763,0.4628,0.7781,0,0
13,0.4679,0.7763,0.4628,0.7781,1,0
13,0.4679,0.7763,0.4628,0.7781,1,0
13,0.4679,0.7763,0.4628,0.7781,0,0
13,0.4679,0.7763,0.4628,0.7781,1,0
13,0.4679,0.7763,0.4628,0.7781,0,0
13,0.4679,0.7763,0.4628,0.7781,0,0
13,0.4679,0.7763,0.4628,0.7781,0,0
13,0.4679,0.7763,0.4628,0.7781,0,0
13,0.4679,0.7763,0.4628,0.7781,0,0
13,0.4679,0.7763,0.4628,0.7781,0,0
13,0.4679,0.7763,0.4628,0.7781,0,0
13,0.4679,0.7763,0.4628,0.7781,0,0
13,0.4679,0.7763,0.4628,0.7781,0,0
13,0.4679,0.7763,0.4628,0.7781,0,0
13,0.4679,0.7763,0.4628,0.7781,0,0
13,0.4679,0.7763,0.4628,0.7781,0,0
13,0.4679,0.7763,0.4628,0.7781,0,0
13,0.4679,0.7763,0.4628,0.7781,0,0
13,0.4679,0.7763,0.4628,0.7781,0,0
13,0.4679,0.7763,0.4628,0.7781,0,0
13,0.4679,0.7763,0.4628,0.7781,0,0
13,0.4679,0.7763,0.4628,0.7781,1,0
13,0.4679,0.7763,0.4628,0.7781,0,0
13,0.4679,0.7763,0.4628,0.7781,0,0
13,0.4679,0.7763,0.4628,0.7781,0,0
13,0.4679,0.7763,0.4628,0.7781,0,0
13,0.4679,0.7763,0.4628,0.7781,0,0
13,0.4679,0.7763,0.4628,0.7781,0,0
13,0.4679,0.7763,0.4628,0.7781,0,0
13,0.4679,0.7763,0.4628,0.7781,1,0
13,0.4679,0.7763,0.4628,0.7781,0,0
13,0.4679,0.7763,0.4628,0.7781,0,0
13,0.4679,0.7763,0.4628,0.7781,1,0
13,0.4679,0.7763,0.4628,0.7781,1,0
13,0.4679,0.7763,0.4628,0.7781,0,0
13,0.4679,0.7763,0.4628,0.7781,0,0
13,0.4679,0.7763,0.4628,0.7781,0,0
13,0.4679,0.7763,0.4628,0.7781,0,0
13,0.4679,0.7763,0.4628,0.7781,0,0
13,0.4679,0.7763,0.4628,0.7781,0,0
13,0.4679,0.7763,0.4628,0.7781,0,0
13,0.4679,0.7763,0.4628,0.7781,0,0
13,0.4679,0.7763,0.4628,0.7781,0,0
13,0.4679,0.7763,0.4628,0.7781,0,0
13,0.4679,0.7763,0.4628,0.7781,0,0
13,0.4679,0.7763,0.4628,0.7781,0,0
13,0.4679,0.7763,0.4628,0.7781,1,0
13,0.4679,0.7763,0.4628,0.7781,0,0
13,0.4679,0.7763,0.4628,0.7781,0,0
13,0.4679,0.7763,0.4628,0.7781,1,0
13,0.4679,0.7763,0.4628,0.7781,0,0
13,0.4679,0.7763,0.4628,0.7781,0,0
13,0.4679,0.7763,0.4628,0.7781,0,0
13,0.4679,0.7763,0.4628,0.7781,0,0
13,0.4679,0.7763,0.4628,0.7781,0,0
13,0.4679,0.7763,0.4628,0.7781,1,0
13,0.4679,0.7763,0.4628,0.7781,0,0
13,0.4679,0.7763,0.4628,0.7781,1,0
13,0.4679,0.7763,0.4628,0.7781,0,0
13,0.4679,0.7763,0.4628,0.7781,0,0
13,0.4679,0.7763,0.4628,0.7781,0,0
13,0.4679,0.7763,0.4628,0.7781,0,0
13,0.4679,0.7763,0.4628,0.7781,0,0
13,0.4679,0.7763,0.4628,0.7781,0,0
13,0.4679,0.7763,0.4628,0.7781,0,0
13,0.4679,0.7763,0.4628,0.7781,0,0
13,0.4679,0.7763,0.4628,0.7781,1,0
13,0.4679,0.7763,0.4628,0.7781,0,0
13,0.4679,0.7763,0.4628,0.7781,0,0
13,0.4679,0.7763,0.4628,0.7781,0,0
13,0.4679,0.7763,0.4628,0.7781,0,0
13,0.4679,0.7763,0.4628,0.7781,0,0
13,0.4679,0.7763,0.4628,0.7781,0,0
13,0.4679,0.7763,0.4628,0.7781,0,0
13,0.4679,0.7763,0.4628,0.7781,1,0
13,0.4679,0.7763,0.4628,0.7781,0,0
13,0.4679,0.7763,0.4628,0.7781,0,0
13,0.4679,0.7763,0.4628,0.7781,1,0
13,0.4679,0.7763,0.4628,0.7781,0,0
13,0.4679,0.7763,0.4628,0.7781,0,0
13,0.4679,0.7763,0.4628,0.7781,0,0
13,0.4679,0.7763,0.4628,0.7781,1,0
13,0.4679,0.7763,0.4628,0.7781,0,0
13,0.4679,0.7763,0.4628,0.7781,0,0
13,0.4679,0.7763,0.4628,0.7781,0,0
13,0.4679,0.7763,0.4628,0.7781,0,0
13,0.4679,0.7763,0.4628,0.7781,1,0
13,0.4679,0.7763,0.4628,0.7781,0,0
13,0.4679,0.7763,0.4628,0.7781,0,0
14,0.4672,0.7763,0.4576,0.7859,1,0
14,0.4672,0.7763,0.4576,0.7859,0,0
14,0.4672,0.7763,0.4576,0.7859,0,0
14,0.4672,0.7763,0.4576,0.7859,1,0
14,0.4672,0.7763,0.4576,0.7859,1,0
14,0.4672,0.7763,0.4576,0.7859,0,0
14,0.4672,0.7763,0.4576,0.7859,1,0
14,0.4672,0.7763,0.4576,0.7859,0,0
14,0.4672,0.7763,0.4576,0.7859,1,0
14,0.4672,0.7763,0.4576,0.7859,0,0
14,0.4672,0.7763,0.4576,0.7859,0,0
14,0.4672,0.7763,0.4576,0.7859,0,0
14,0.4672,0.7763,0.4576,0.7859,0,0
14,0.4672,0.7763,0.4576,0.7859,0,0
14,0.4672,0.7763,0.4576,0.7859,0,0
14,0.4672,0.7763,0.4576,0.7859,0,0
14,0.4672,0.7763,0.4576,0.7859,0,0
14,0.4672,0.7763,0.4576,0.7859,0,0
14,0.4672,0.7763,0.4576,0.7859,0,0
14,0.4672,0.7763,0.4576,0.7859,0,0
14,0.4672,0.7763,0.4576,0.7859,1,0
14,0.4672,0.7763,0.4576,0.7859,0,0
14,0.4672,0.7763,0.4576,0.7859,0,0
14,0.4672,0.7763,0.4576,0.7859,1,0
14,0.4672,0.7763,0.4576,0.7859,1,0
14,0.4672,0.7763,0.4576,0.7859,1,0
14,0.4672,0.7763,0.4576,0.7859,0,0
14,0.4672,0.7763,0.4576,0.7859,1,0
14,0.4672,0.7763,0.4576,0.7859,1,0
14,0.4672,0.7763,0.4576,0.7859,0,0
14,0.4672,0.7763,0.4576,0.7859,1,0
14,0.4672,0.7763,0.4576,0.7859,0,0
14,0.4672,0.7763,0.4576,0.7859,0,0
14,0.4672,0.7763,0.4576,0.7859,0,0
14,0.4672,0.7763,0.4576,0.7859,1,0
14,0.4672,0.7763,0.4576,0.7859,1,0
14,0.4672,0.7763,0.4576,0.7859,0,0
14,0.4672,0.7763,0.4576,0.7859,1,0
14,0.4672,0.7763,0.4576,0.7859,0,0
14,0.4672,0.7763,0.4576,0.7859,0,0
14,0.4672,0.7763,0.4576,0.7859,0,0
14,0.4672,0.7763,0.4576,0.7859,1,0
14,0.4672,0.7763,0.4576,0.7859,0,0
14,0.4672,0.7763,0.4576,0.7859,0,0
14,0.4672,0.7763,0.4576,0.7859,1,0
14,0.4672,0.7763,0.4576,0.7859,0,0
14,0.4672,0.7763,0.4576,0.7859,0,0
14,0.4672,0.7763,0.4576,0.7859,0,0
14,0.4672,0.7763,0.4576,0.7859,0,0
14,0.4672,0.7763,0.4576,0.7859,0,0
14,0.4672,0.7763,0.4576,0.7859,0,0
14,0.4672,0.7763,0.4576,0.7859,0,0
14,0.4672,0.7763,0.4576,0.7859,1,0
14,0.4672,0.7763,0.4576,0.7859,1,0
14,0.4672,0.7763,0.4576,0.7859,0,0
14,0.4672,0.7763,0.4576,0.7859,0,0
14,0.4672,0.7763,0.4576,0.7859,0,0
14,0.4672,0.7763,0.4576,0.7859,0,0
14,0.4672,0.7763,0.4576,0.7859,0,0
14,0.4672,0.7763,0.4576,0.7859,1,0
14,0.4672,0.7763,0.4576,0.7859,0,0
14,0.4672,0.7763,0.4576,0.7859,0,0
14,0.4672,0.7763,0.4576,0.7859,0,0
14,0.4672,0.7763,0.4576,0.7859,1,0
14,0.4672,0.7763,0.4576,0.7859,0,0
14,0.4672,0.7763,0.4576,0.7859,1,0
14,0.4672,0.7763,0.4576,0.7859,1,0
14,0.4672,0.7763,0.4576,0.7859,0,0
14,0.4672,0.7763,0.4576,0.7859,0,0
14,0.4672,0.7763,0.4576,0.7859,1,0
14,0.4672,0.7763,0.4576,0.7859,0,0
14,0.4672,0.7763,0.4576,0.7859,0,0
14,0.4672,0.7763,0.4576,0.7859,0,0
14,0.4672,0.7763,0.4576,0.7859,0,0
14,0.4672,0.7763,0.4576,0.7859,1,0
14,0.4672,0.7763,0.4576,0.7859,1,0
14,0.4672,0.7763,0.4576,0.7859,0,0
14,0.4672,0.7763,0.4576,0.7859,0,0
14,0.4672,0.7763,0.4576,0.7859,0,0
14,0.4672,0.7763,0.4576,0.7859,0,0
14,0.4672,0.7763,0.4576,0.7859,0,0
14,0.4672,0.7763,0.4576,0.7859,0,0
14,0.4672,0.7763,0.4576,0.7859,0,0
14,0.4672,0.7763,0.4576,0.7859,0,0
14,0.4672,0.7763,0.4576,0.7859,0,0
14,0.4672,0.7763,0.4576,0.7859,0,0
14,0.4672,0.7763,0.4576,0.7859,0,0
14,0.4672,0.7763,0.4576,0.7859,0,0
14,0.4672,0.7763,0.4576,0.7859,0,0
14,0.4672,0.7763,0.4576,0.7859,0,0
14,0.4672,0.7763,0.4576,0.7859,0,0
14,0.4672,0.7763,0.4576,0.7859,0,0
14,0.4672,0.7763,0.4576,0.7859,0,0
14,0.4672,0.7763,0.4576,0.7859,0,0
14,0.4672,0.7763,0.4576,0.7859,0,0
14,0.4672,0.7763,0.4576,0.7859,1,0
14,0.4672,0.7763,0.4576,0.7859,1,0
14,0.4672,0.7763,0.4576,0.7859,0,0
14,0.4672,0.7763,0.4576,0.7859,1,0
14,0.4672,0.7763,0.4576,0.7859,0,0
14,0.4672,0.7763,0.4576,0.7859,0,0
14,0.4672,0.7763,0.4576,0.7859,0,0
14,0.4672,0.7763,0.4576,0.7859,0,0
14,0.4672,0.7763,0.4576,0.7859,0,0
14,0.4672,0.7763,0.4576,0.7859,1,0
14,0.4672,0.7763,0.4576,0.7859,1,0
14,0.4672,0.7763,0.4576,0.7859,0,0
14,0.4672,0.7763,0.4576,0.7859,0,0
14,0.4672,0.7763,0.4576,0.7859,0,0
14,0.4672,0.7763,0.4576,0.7859,0,0
14,0.4672,0.7763,0.4576,0.7859,0,0
14,0.4672,0.7763,0.4576,0.7859,0,0
14,0.4672,0.7763,0.4576,0.7859,0,0
14,0.4672,0.7763,0.4576,0.7859,0,0
14,0.4672,0.7763,0.4576,0.7859,0,0
14,0.4672,0.7763,0.4576,0.7859,0,0
14,0.4672,0.7763,0.4576,0.7859,0,0
14,0.4672,0.7763,0.4576,0.7859,0,0
14,0.4672,0.7763,0.4576,0.7859,0,0
14,0.4672,0.7763,0.4576,0.7859,0,0
14,0.4672,0.7763,0.4576,0.7859,1,0
14,0.4672,0.7763,0.4576,0.7859,0,0
14,0.4672,0.7763,0.4576,0.7859,0,0
14,0.4672,0.7763,0.4576,0.7859,0,0
14,0.4672,0.7763,0.4576,0.7859,0,0
14,0.4672,0.7763,0.4576,0.7859,1,0
14,0.4672,0.7763,0.4576,0.7859,0,0
14,0.4672,0.7763,0.4576,0.7859,0,0
15,0.4669,0.7765,0.4513,0.7852,1,0
15,0.4669,0.7765,0.4513,0.7852,1,0
15,0.4669,0.7765,0.4513,0.7852,0,0
15,0.4669,0.7765,0.4513,0.7852,0,0
15,0.4669,0.7765,0.4513,0.7852,0,0
15,0.4669,0.7765,0.4513,0.7852,1,0
15,0.4669,0.7765,0.4513,0.7852,0,0
15,0.4669,0.7765,0.4513,0.7852,0,0
15,0.4669,0.7765,0.4513,0.7852,0,0
15,0.4669,0.7765,0.4513,0.7852,0,0
15,0.4669,0.7765,0.4513,0.7852,0,0
15,0.4669,0.7765,0.4513,0.7852,0,0
15,0.4669,0.7765,0.4513,0.7852,0,0
15,0.4669,0.7765,0.4513,0.7852,0,0
15,0.4669,0.7765,0.4513,0.7852,0,0
15,0.4669,0.7765,0.4513,0.7852,0,0
15,0.4669,0.7765,0.4513,0.7852,0,0
15,0.4669,0.7765,0.4513,0.7852,1,0
15,0.4669,0.7765,0.4513,0.7852,0,0
15,0.4669,0.7765,0.4513,0.7852,0,0
15,0.4669,0.7765,0.4513,0.7852,0,0
15,0.4669,0.7765,0.4513,0.7852,0,0
15,0.4669,0.7765,0.4513,0.7852,0,0
15,0.4669,0.7765,0.4513,0.7852,0,0
15,0.4669,0.7765,0.4513,0.7852,0,0
15,0.4669,0.7765,0.4513,0.7852,0,0
15,0.4669,0.7765,0.4513,0.7852,0,0
15,0.4669,0.7765,0.4513,0.7852,1,0
15,0.4669,0.7765,0.4513,0.7852,0,0
15,0.4669,0.7765,0.4513,0.7852,0,0
15,0.4669,0.7765,0.4513,0.7852,1,0
15,0.4669,0.7765,0.4513,0.7852,0,0
15,0.4669,0.7765,0.4513,0.7852,0,0
15,0.4669,0.7765,0.4513,0.7852,0,0
15,0.4669,0.7765,0.4513,0.7852,0,0
15,0.4669,0.7765,0.4513,0.7852,0,0
15,0.4669,0.7765,0.4513,0.7852,0,0
15,0.4669,0.7765,0.4513,0.7852,1,0
15,0.4669,0.7765,0.4513,0.7852,0,0
15,0.4669,0.7765,0.4513,0.7852,0,0
15,0.4669,0.7765,0.4513,0.7852,0,0
15,0.4669,0.7765,0.4513,0.7852,1,0
15,0.4669,0.7765,0.4513,0.7852,0,0
15,0.4669,0.7765,0.4513,0.7852,1,0
15,0.4669,0.7765,0.4513,0.7852,0,0
15,0.4669,0.7765,0.4513,0.7852,1,1
15,0.4669,0.7765,0.4513,0.7852,0,0
15,0.4669,0.7765,0.4513,0.7852,0,0
15,0.4669,0.7765,0.4513,0.7852,0,0
15,0.4669,0.7765,0.4513,0.7852,0,0
15,0.4669,0.7765,0.4513,0.7852,0,0
15,0.4669,0.7765,0.4513,0.7852,0,0
15,0.4669,0.7765,0.4513,0.7852,0,0
15,0.4669,0.7765,0.4513,0.7852,0,0
15,0.4669,0.7765,0.4513,0.7852,1,0
15,0.4669,0.7765,0.4513,0.7852,0,0
15,0.4669,0.7765,0.4513,0.7852,0,0
15,0.4669,0.7765,0.4513,0.7852,0,0
15,0.4669,0.7765,0.4513,0.7852,1,0
15,0.4669,0.7765,0.4513,0.7852,0,0
15,0.4669,0.7765,0.4513,0.7852,0,0
15,0.4669,0.7765,0.4513,0.7852,0,0
15,0.4669,0.7765,0.4513,0.7852,0,0
15,0.4669,0.7765,0.4513,0.7852,0,0
15,0.4669,0.7765,0.4513,0.7852,0,0
15,0.4669,0.7765,0.4513,0.7852,0,0
15,0.4669,0.7765,0.4513,0.7852,0,0
15,0.4669,0.7765,0.4513,0.7852,0,0
15,0.4669,0.7765,0.4513,0.7852,1,0
15,0.4669,0.7765,0.4513,0.7852,0,0
15,0.4669,0.7765,0.4513,0.7852,0,0
15,0.4669,0.7765,0.4513,0.7852,0,0
15,0.4669,0.7765,0.4513,0.7852,1,0
15,0.4669,0.7765,0.4513,0.7852,0,0
15,0.4669,0.7765,0.4513,0.7852,0,0
15,0.4669,0.7765,0.4513,0.7852,0,0
15,0.4669,0.7765,0.4513,0.7852,0,0
15,0.4669,0.7765,0.4513,0.7852,0,0
15,0.4669,0.7765,0.4513,0.7852,0,0
15,0.4669,0.7765,0.4513,0.7852,1,0
15,0.4669,0.7765,0.4513,0.7852,0,0
15,0.4669,0.7765,0.4513,0.7852,1,0
15,0.4669,0.7765,0.4513,0.7852,0,0
15,0.4669,0.7765,0.4513,0.7852,0,0
15,0.4669,0.7765,0.4513,0.7852,0,0
15,0.4669,0.7765,0.4513,0.7852,0,0
15,0.4669,0.7765,0.4513,0.7852,0,0
15,0.4669,0.7765,0.4513,0.7852,0,0
15,0.4669,0.7765,0.4513,0.7852,0,0
15,0.4669,0.7765,0.4513,0.7852,0,0
15,0.4669,0.7765,0.4513,0.7852,0,0
15,0.4669,0.7765,0.4513,0.7852,0,0
15,0.4669,0.7765,0.4513,0.7852,1,0
15,0.4669,0.7765,0.4513,0.7852,0,0
15,0.4669,0.7765,0.4513,0.7852,1,0
15,0.4669,0.7765,0.4513,0.7852,0,0
15,0.4669,0.7765,0.4513,0.7852,0,0
15,0.4669,0.7765,0.4513,0.7852,0,1
15,0.4669,0.7765,0.4513,0.7852,1,0
15,0.4669,0.7765,0.4513,0.7852,0,0
15,0.4669,0.7765,0.4513,0.7852,0,0
15,0.4669,0.7765,0.4513,0.7852,1,0
15,0.4669,0.7765,0.4513,0.7852,0,0
15,0.4669,0.7765,0.4513,0.7852,0,0
15,0.4669,0.7765,0.4513,0.7852,0,0
15,0.4669,0.7765,0.4513,0.7852,0,0
15,0.4669,0.7765,0.4513,0.7852,0,0
15,0.4669,0.7765,0.4513,0.7852,0,0
15,0.4669,0.7765,0.4513,0.7852,0,0
15,0.4669,0.7765,0.4513,0.7852,0,0
15,0.4669,0.7765,0.4513,0.7852,0,0
15,0.4669,0.7765,0.4513,0.7852,0,0
15,0.4669,0.7765,0.4513,0.7852,0,0
15,0.4669,0.7765,0.4513,0.7852,0,0
15,0.4669,0.7765,0.4513,0.7852,1,0
15,0.4669,0.7765,0.4513,0.7852,0,0
15,0.4669,0.7765,0.4513,0.7852,0,0
15,0.4669,0.7765,0.4513,0.7852,0,0
15,0.4669,0.7765,0.4513,0.7852,0,0
15,0.4669,0.7765,0.4513,0.7852,0,0
15,0.4669,0.7765,0.4513,0.7852,0,0
15,0.4669,0.7765,0.4513,0.7852,1,0
15,0.4669,0.7765,0.4513,0.7852,0,0
15,0.4669,0.7765,0.4513,0.7852,1,0
15,0.4669,0.7765,0.4513,0.7852,0,0
15,0.4669,0.7765,0.4513,0.7852,0,0
15,0.4669,0.7765,0.4513,0.7852,0,0
15,0.4669,0.7765,0.4513,0.7852,0,0
